title,pubmedId,efoTraits,label,condition_label,summaryStatistics,id,filename,Ancestry,ref_genome,snp,a1,a2,frq,FRQ_U,FRQ_A,z,b,OR,se,p,N_col,N_num,Nca_col,Nca_val,Nco_col,Nco_val,INFO,ignore
Genome-wide association studies in oesophageal adenocarcinoma and Barrett's oesophagus: a large-scale meta-analysis.,27527254,"esophageal adenocarcinoma,Barrett's esophagus",adenocarcinoma-barret-oesophagus,ADC,http://ftp.ebi.ac.uk/pub/databases/gwas/summary_statistics/GCST003001-GCST004000/GCST003740,GCST003740,GCST003740.tsv.gz, European,GRCh37,variant_id,effect_allele,other_allele,,NA,NA,NA,beta,NA,standard_error,p_value,,27438,NA,NA,NA,17159,NA,NA
Large-scale association analysis identifies new lung cancer susceptibility loci and heterogeneity in genetic susceptibility across histological subtypes.,28604730,lung adenocarcinoma,adenocarcinoma-lung,ADC,http://ftp.ebi.ac.uk/pub/databases/gwas/summary_statistics/GCST004001-GCST005000/GCST004744,GCST004744,GCST004744.tsv, European,GRCh37,variant_id,effect_allele,other_allele,effect_allele_frequency,NA,NA,NA,beta,NA,standard_error,p_value,,66756,NA,11273,NA,55483,NA,NA
ADuLT: An efficient and robust time-to-event GWAS.,37689771,attention deficit hyperactivity disorder,ADHD-age-sex-M1,ADHD,http://ftp.ebi.ac.uk/pub/databases/gwas/summary_statistics/GCST90275001-GCST90276000/GCST90275147,GCST90275147,GCST90275147.tsv, European,GRCh37,rs_id,effect_allele,other_allele,effect_allele_frequency,NA,NA,z,beta,NA,standard_error,p_value,,58286,NA,21738,NA,36548,NA,"ref_allele, variant_id"
ADuLT: An efficient and robust time-to-event GWAS.,37689771,attention deficit hyperactivity disorder,ADHD-sex-M1,ADHD,http://ftp.ebi.ac.uk/pub/databases/gwas/summary_statistics/GCST90275001-GCST90276000/GCST90275148,GCST90275148,GCST90275148.tsv, European,GRCh37,rs_id,effect_allele,other_allele,effect_allele_frequency,NA,NA,z,beta,NA,standard_error,p_value,,58286,NA,21738,NA,36548,NA,"ref_allele, variant_id"
ADuLT: An efficient and robust time-to-event GWAS.,37689771,attention deficit hyperactivity disorder,ADHD-1,ADHD,http://ftp.ebi.ac.uk/pub/databases/gwas/summary_statistics/GCST90275001-GCST90276000/GCST90275149,GCST90275149,GCST90275149.tsv, European,GRCh37,rs_id,effect_allele,other_allele,effect_allele_frequency,NA,NA,z,beta,NA,standard_error,p_value,N-col,58286,NA,21738,NA,36548,NA,"ref_allele, variant_id"
Testing associations between human anxiety and genes previously implicated by mouse anxiety models.,37259642,anxiety disorder,anxiety-2,ANX,http://ftp.ebi.ac.uk/pub/databases/gwas/summary_statistics/GCST90225001-GCST90226000/GCST90225527,GCST90225527,GCST90225527.tsv, European,GRCh37,variant_id,effect_allele,other_allele,effect_allele_frequency,NA,NA,NA,beta,NA,standard_error,p_value,N_col,502477,NA,16079,NA,486398,NA,NA
Testing associations between human anxiety and genes previously implicated by mouse anxiety models.,37259642,anxiety disorder,anxiety-any,ANX,http://ftp.ebi.ac.uk/pub/databases/gwas/summary_statistics/GCST90225001-GCST90226000/GCST90225528,GCST90225528,GCST90225528.tsv, European,GRCh37,variant_id,effect_allele,other_allele,effect_allele_frequency,NA,NA,NA,beta,NA,standard_error,p_value,,502474,NA,21606,NA,480868,NA,NA
Testing associations between human anxiety and genes previously implicated by mouse anxiety models.,37259642,anxiety disorder,anxiety-others,ANX,http://ftp.ebi.ac.uk/pub/databases/gwas/summary_statistics/GCST90225001-GCST90226000/GCST90225529,GCST90225529,GCST90225529.tsv, European,GRCh37,variant_id,effect_allele,other_allele,effect_allele_frequency,NA,NA,NA,beta,NA,standard_error,p_value,,502468,NA,19596,NA,482872,NA,NA
A generalized linear mixed model association tool for biobank-scale data.,34737426,anxiety,anxiety-1,ANX,http://ftp.ebi.ac.uk/pub/databases/gwas/summary_statistics/GCST90042001-GCST90043000/GCST90042778,GCST90042778,GCST90042778.tsv.gz, European,GRCh37,variant_id,effect_allele,other_allele,effect_allele_frequency,NA,NA,NA,beta,NA,standard_error,P_noSPA,N,45569,NA,27846,NA,17723,NA,NA
A generalized linear mixed model association tool for biobank-scale data.,34737426,"anxiety,clinical treatment",anxiety-medication,ANX,http://ftp.ebi.ac.uk/pub/databases/gwas/summary_statistics/GCST90042001-GCST90043000/GCST90042841,GCST90042841,GCST90042841.tsv.gz, European,GRCh37,variant_id,effect_allele,other_allele,effect_allele_frequency,NA,NA,NA,beta,NA,standard_error,P_noSPA,N,123823,NA,16139,NA,107684,NA,NA
A generalized linear mixed model association tool for biobank-scale data.,34737426,"anxiety,treatment",anxiety-treatment-1,ANX,http://ftp.ebi.ac.uk/pub/databases/gwas/summary_statistics/GCST90042001-GCST90043000/GCST90042843,GCST90042843,GCST90042843.tsv.gz, European,GRCh37,variant_id,effect_allele,other_allele,effect_allele_frequency,NA,NA,NA,beta,NA,standard_error,P_noSPA,N,123823,NA,16124,NA,107699,NA,NA
A generalized linear mixed model association tool for biobank-scale data.,34737426,"anxiety,treatment",anxiety-treatment-2,ANX,http://ftp.ebi.ac.uk/pub/databases/gwas/summary_statistics/GCST90042001-GCST90043000/GCST90042844,GCST90042844,GCST90042844.tsv.gz, European,GRCh37,variant_id,effect_allele,other_allele,effect_allele_frequency,NA,NA,NA,beta,NA,standard_error,P_noSPA,N,123823,NA,7213,NA,116610,NA,NA
ADuLT: An efficient and robust time-to-event GWAS.,37689771,autism,autism-age-sex-M1,ASD,http://ftp.ebi.ac.uk/pub/databases/gwas/summary_statistics/GCST90275001-GCST90276000/GCST90275150,GCST90275150,GCST90275150.tsv, European,GRCh37,rs_id,effect_allele,other_allele,effect_allele_frequency,NA,NA,z,beta,NA,standard_error,p_value,,54976,NA,18235,NA,36741,NA,"ref_allele, variant_id"
ADuLT: An efficient and robust time-to-event GWAS.,37689771,autism,autism-sex-M1,ASD,http://ftp.ebi.ac.uk/pub/databases/gwas/summary_statistics/GCST90275001-GCST90276000/GCST90275151,GCST90275151,GCST90275151.tsv, European,GRCh37,rs_id,effect_allele,other_allele,effect_allele_frequency,NA,NA,z,beta,NA,standard_error,p_value,,54976,NA,18235,NA,36741,NA,"ref_allele, variant_id"
ADuLT: An efficient and robust time-to-event GWAS.,37689771,autism,autism-1,ASD,http://ftp.ebi.ac.uk/pub/databases/gwas/summary_statistics/GCST90275001-GCST90276000/GCST90275152,GCST90275152,GCST90275152.tsv, European,GRCh37,rs_id,effect_allele,other_allele,effect_allele_frequency,NA,NA,z,beta,NA,standard_error,p_value,,54976,NA,18235,NA,36741,NA,"ref_allele, variant_id"
Common genetic risk variants identified in the SPARK cohort support DDHD2 as a candidate risk gene for autism.,32747698,autism spectrum disorder,autism-2,ASD,http://ftp.ebi.ac.uk/pub/databases/gwas/summary_statistics/GCST010001-GCST011000/GCST010514,GCST010514,GCST010514.tsv, European,NA,rs_id,Allele1,Allele2,Effect,NA,NA,NA,,NA,StdErr,P-value,TotalSampleSize,55420,NA,22916,NA,32504,NA,MarkerName
Pan-cancer study detects genetic risk variants and shared genetic basis in two large cohorts.,32887889,breast carcinoma,breast-carcinoma-1,BRCA,http://ftp.ebi.ac.uk/pub/databases/gwas/summary_statistics/GCST90011001-GCST90012000/GCST90011804,GCST90011804,GCST90011804.tsv.gz, European,GRCh37,variant_id,effect_allele,other_allele,,NA,NA,NA,,odds_ratio,,p_value,totN,428231,NA,17881,NA,410350,NA,NA
A generalized linear mixed model association tool for biobank-scale data.,34737426,breast carcinoma,breast-carcinoma-2,BRCA,http://ftp.ebi.ac.uk/pub/databases/gwas/summary_statistics/GCST90041001-GCST90042000/GCST90041886,GCST90041886,GCST90041886.tsv.gz, European,GRCh37,variant_id,effect_allele,other_allele,effect_allele_frequency,,,,beta,,standard_error,P_noSPA,N,456276,NA,10152,NA,446124,NA,NA
A generalized linear mixed model association tool for biobank-scale data.,34737426,breast neoplasm,breast-neoplasm-1,BRCA,http://ftp.ebi.ac.uk/pub/databases/gwas/summary_statistics/GCST90043001-GCST90044000/GCST90043889,GCST90043889,GCST90043889.tsv.gz, European,GRCh37,variant_id,effect_allele,other_allele,effect_allele_frequency,,,,beta,,standard_error,P_noSPA,N,456348,NA,6087,NA,450261,NA,NA
A generalized linear mixed model association tool for biobank-scale data.,34737426,breast neoplasm,breast-neoplasm-2,BRCA,http://ftp.ebi.ac.uk/pub/databases/gwas/summary_statistics/GCST90041001-GCST90042000/GCST90041833,GCST90041833,GCST90041833.tsv.gz, European,GRCh37,variant_id,effect_allele,other_allele,effect_allele_frequency,,,,beta,,standard_error,P_noSPA,N,456348,NA,10971,NA,445377,NA,NA
A generalized linear mixed model association tool for biobank-scale data.,34737426,family history of breast cancer,breast-cancer-family-mother,BRCA,http://ftp.ebi.ac.uk/pub/databases/gwas/summary_statistics/GCST90042001-GCST90043000/GCST90042686,GCST90042686,GCST90042686.tsv.gz, European,GRCh37,variant_id,effect_allele,other_allele,effect_allele_frequency,NA,NA,NA,beta,NA,standard_error,P_noSPA,N,417532,NA,34581,NA,382951,NA,NA
A generalized linear mixed model association tool for biobank-scale data.,34737426,family history of breast cancer,breast-cancer-family-siblings,BRCA,http://ftp.ebi.ac.uk/pub/databases/gwas/summary_statistics/GCST90042001-GCST90043000/GCST90042700,GCST90042700,GCST90042700.tsv.gz, European,GRCh37,variant_id,effect_allele,other_allele,effect_allele_frequency,NA,NA,NA,beta,NA,standard_error,P_noSPA,N,356573,NA,16344,NA,340229,NA,NA
Pan-cancer study detects genetic risk variants and shared genetic basis in two large cohorts.,32887889,cervical carcinoma,cervical-cancer-2,CC,http://ftp.ebi.ac.uk/pub/databases/gwas/summary_statistics/GCST90011001-GCST90012000/GCST90011816,GCST90011816,GCST90011816.tsv.gz, European,GRCh37,variant_id,effect_allele,other_allele,,NA,NA,NA,,odds_ratio,,p_value,totN,416913,NA,6563,NA,410350,NA,NA
A generalized linear mixed model association tool for biobank-scale data.,34737426,benign neoplasm,crc-benign-neoplasm,CRC,http://ftp.ebi.ac.uk/pub/databases/gwas/summary_statistics/GCST90042001-GCST90043000/GCST90042860,GCST90042860,GCST90042860.tsv.gz, European,GRCh37,variant_id,effect_allele,other_allele,effect_allele_frequency,NA,NA,NA,beta,NA,standard_error,P_noSPA,N,456348,NA,19026,NA,437322,NA,NA
"Deciphering colorectal cancer genetics through multi-omic analysis of 100,204 cases and 154,587 controls of European and east Asian ancestries.",36539618,colorectal cancer,crc-cancer-1,CRC,http://ftp.ebi.ac.uk/pub/databases/gwas/summary_statistics/GCST90255001-GCST90256000/GCST90255675,GCST90255675,GCST90255675.tsv, European,GRCh37,variant_id,effect_allele,other_allele,,NA,NA,NA,beta,NA,standard_error,p_value,,185616,NA,78473,NA,107143,NA,NA
"Deciphering colorectal cancer genetics through multi-omic analysis of 100,204 cases and 154,587 controls of European and east Asian ancestries.",36539618,colorectal cancer,crc-cancer-2,CRC,http://ftp.ebi.ac.uk/pub/databases/gwas/summary_statistics/GCST90255001-GCST90256000/GCST90255676,GCST90255676,GCST90255676.tsv, European,GRCh37,variant_id,effect_allele,other_allele,,NA,NA,NA,beta,NA,standard_error,p_value,,160527,NA,73673,NA,86854,NA,NA
Genome-wide gene-environment analyses of major depressive disorder and reported lifetime traumatic experiences in UK Biobank.,31969693,unipolar depression,mdd-1,DEP,http://ftp.ebi.ac.uk/pub/databases/gwas/summary_statistics/GCST009001-GCST010000/GCST009979,GCST009979,GCST009979.tsv.gz, European,GRCh37,variant_id,effect_allele,other_allele,effect_allele_frequency,NA,NA,NA,beta,odds_ratio,standard_error,p_value,,92957,n_case,29475,n_control,63482,info,NA
Genome-wide gene-environment analyses of major depressive disorder and reported lifetime traumatic experiences in UK Biobank.,31969693,unipolar depression,mdd-trauma,DEP,http://ftp.ebi.ac.uk/pub/databases/gwas/summary_statistics/GCST009001-GCST010000/GCST009980,GCST009980,GCST009980.tsv.gz, European,GRCh37,variant_id,effect_allele,other_allele,effect_allele_frequency,NA,NA,NA,beta,odds_ratio,standard_error,p_value,,24094,n_case,13393,n_control,10701,info,NA
Genome-wide gene-environment analyses of major depressive disorder and reported lifetime traumatic experiences in UK Biobank.,31969693,unipolar depression,mdd-notrauma,DEP,http://ftp.ebi.ac.uk/pub/databases/gwas/summary_statistics/GCST009001-GCST010000/GCST009981,GCST009981,GCST009981.tsv.gz, European,GRCh37,variant_id,effect_allele,other_allele,effect_allele_frequency,NA,NA,NA,beta,odds_ratio,standard_error,p_value,,49164,n_case,9487,n_control,39677,info,NA
A generalized linear mixed model association tool for biobank-scale data.,34737426,unipolar depression,depression-postpartum,DEP,http://ftp.ebi.ac.uk/pub/databases/gwas/summary_statistics/GCST90042001-GCST90043000/GCST90042784,GCST90042784,GCST90042784.tsv.gz, European,GRCh37,variant_id,effect_allele,other_allele,effect_allele_frequency,,,,beta,,standard_error,P_noSPA,N,48119,NA,6107,NA,42012,NA,NA
A generalized linear mixed model association tool for biobank-scale data.,34737426,unipolar depression,depression-trauma,DEP,http://ftp.ebi.ac.uk/pub/databases/gwas/summary_statistics/GCST90042001-GCST90043000/GCST90042786,GCST90042786,GCST90042786.tsv.gz, European,GRCh37,variant_id,effect_allele,other_allele,effect_allele_frequency,,,,beta,,standard_error,P_noSPA,N,83336,NA,60952,NA,22384,NA,NA
Genome-wide association study of depression phenotypes in UK Biobank identifies variants in excitatory synaptic pathways.,29662059,unipolar depression,mdd-2,DEP,http://ftp.ebi.ac.uk/pub/databases/gwas/summary_statistics/GCST005001-GCST006000/GCST005903,GCST005903,GCST005903.txt, European,NA,rsid,A1,A2,AlleleFreq,NA,NA,NA,Beta,NA,StandardError,P,N_col,217584,NA,NA,NA,NA,ImputationAccuracy,NA
Genome-wide association study of depression phenotypes in UK Biobank identifies variants in excitatory synaptic pathways.,29662059,unipolar depression,depression-broad,DEP,http://ftp.ebi.ac.uk/pub/databases/gwas/summary_statistics/GCST005001-GCST006000/GCST005902,GCST005902,GCST005902.txt, European,,rsid,A1,A2,AlleleFreq,NA,NA,NA,Beta,NA,StandardError,P,,322580,NA,NA,NA,NA,NA,NA
ADuLT: An efficient and robust time-to-event GWAS.,37689771,unipolar depression,mdd-age-sex-M1,DEP,http://ftp.ebi.ac.uk/pub/databases/gwas/summary_statistics/GCST90275001-GCST90276000/GCST90275153,GCST90275153,GCST90275153.tsv, European,GRCh37,rs_id,effect_allele,other_allele,effect_allele_frequency,NA,NA,z,beta,NA,standard_error,p_value,,63875,NA,27507,NA,36368,NA,NA
ADuLT: An efficient and robust time-to-event GWAS.,37689771,unipolar depression,mdd-sex-M1,DEP,http://ftp.ebi.ac.uk/pub/databases/gwas/summary_statistics/GCST90275001-GCST90276000/GCST90275154,GCST90275154,GCST90275154.tsv, European,GRCh37,rs_id,effect_allele,other_allele,effect_allele_frequency,NA,NA,z,beta,NA,standard_error,p_value,,63875,NA,27507,NA,36368,NA,NA
ADuLT: An efficient and robust time-to-event GWAS.,37689771,unipolar depression,mdd-5,DEP,http://ftp.ebi.ac.uk/pub/databases/gwas/summary_statistics/GCST90275001-GCST90276000/GCST90275155,GCST90275155,GCST90275155.tsv, European,GRCh37,rs_id,effect_allele,other_allele,effect_allele_frequency,NA,NA,z,beta,NA,standard_error,p_value,,63875,NA,27507,NA,36368,NA,NA
"Genetic variants associated with subjective well-being, depressive symptoms, and neuroticism identified through genome-wide analyses.",27089181,"unipolar depression,depressive symptom measurement",depression-symptoms,DEP,http://ftp.ebi.ac.uk/pub/databases/gwas/summary_statistics/GCST003001-GCST004000/GCST003769,GCST003769,GCST003769.txt.gz, European,NA,MarkerName,A1,A2,EAF,NA,NA,NA,Beta,NA,SE,Pval,,180866,NA,NA,NA,58835,NA,NA
A generalized linear mixed model association tool for biobank-scale data.,34737426,"unipolar depression,family history",depression-family-mother,DEP,http://ftp.ebi.ac.uk/pub/databases/gwas/summary_statistics/GCST90042001-GCST90043000/GCST90042682,GCST90042682,GCST90042682.tsv.gz, European,GRCh37,variant_id,effect_allele,other_allele,effect_allele_frequency,,,,beta,,standard_error,P_noSPA,N,417293,NA,27823,NA,389470,NA,NA
A generalized linear mixed model association tool for biobank-scale data.,34737426,"unipolar depression,family history",depression-family-sibling,DEP,http://ftp.ebi.ac.uk/pub/databases/gwas/summary_statistics/GCST90042001-GCST90043000/GCST90042695,GCST90042695,GCST90042695.tsv.gz, European,GRCh37,variant_id,effect_allele,other_allele,effect_allele_frequency,,,,beta,,standard_error,P_noSPA,N,357071,NA,25919,NA,331152,NA,NA
A generalized linear mixed model association tool for biobank-scale data.,34737426,"unipolar depression,family history",depression-family-father,DEP,http://ftp.ebi.ac.uk/pub/databases/gwas/summary_statistics/GCST90042001-GCST90043000/GCST90042669,GCST90042669,GCST90042669.tsv.gz, European,GRCh37,variant_id,effect_allele,other_allele,effect_allele_frequency,,,,beta,,standard_error,P_noSPA,N,394089,NA,15165,NA,378924,NA,NA
Identification of nine new susceptibility loci for endometrial cancer.,30093612,endometrial carcinoma,endometrial-carcinoma-1,EC,http://ftp.ebi.ac.uk/pub/databases/gwas/summary_statistics/GCST006001-GCST007000/GCST006465,GCST006465,GCST006465.tsv.gz, European,GRCh37,variant_id,effect_allele,other_allele,effect_allele_frequency,NA,NA,NA,beta,NA,standard_error,p_value,,54884,NA,8758,NA,46126,INFO,NA
Identification of nine new susceptibility loci for endometrial cancer.,30093612,endometrial carcinoma,endometrial-carcinoma-2,EC,http://ftp.ebi.ac.uk/pub/databases/gwas/summary_statistics/GCST006001-GCST007000/GCST006464,GCST006464,GCST006464.tsv.gz, European,GRCh37,variant_id,effect_allele,other_allele,effect_allele_frequency,NA,NA,NA,beta,NA,standard_error,p_value,,121885,NA,12906,NA,108979,NA,NA
A generalized linear mixed model association tool for biobank-scale data.,34737426,"intestinal cancer,family history",intestinal-cancer-mother,INTEST,http://ftp.ebi.ac.uk/pub/databases/gwas/summary_statistics/GCST90042001-GCST90043000/GCST90042685,GCST90042685,GCST90042685.tsv.gz, European,GRCh37,variant_id,effect_allele,other_allele,effect_allele_frequency,NA,NA,NA,beta,NA,standard_error,P_noSPA,N,417208,NA,21763,NA,395445,NA,NA
A generalized linear mixed model association tool for biobank-scale data.,34737426,"intestinal cancer,family history",intestinal-cancer-sibling,INTEST,http://ftp.ebi.ac.uk/pub/databases/gwas/summary_statistics/GCST90042001-GCST90043000/GCST90042699,GCST90042699,GCST90042699.tsv.gz, European,GRCh37,variant_id,effect_allele,other_allele,effect_allele_frequency,NA,NA,NA,beta,NA,standard_error,P_noSPA,N,356280,NA,8807,NA,347473,NA,NA
A generalized linear mixed model association tool for biobank-scale data.,34737426,"intestinal cancer,family history",intestinal-cancer-father,INTEST,http://ftp.ebi.ac.uk/pub/databases/gwas/summary_statistics/GCST90042001-GCST90043000/GCST90042673,GCST90042673,GCST90042673.tsv.gz, European,GRCh37,variant_id,effect_allele,other_allele,effect_allele_frequency,NA,NA,NA,beta,NA,standard_error,P_noSPA,N,394500,NA,23605,NA,370895,NA,NA
A generalized linear mixed model association tool for biobank-scale data.,34737426,family history of lung cancer,lung-cancer-family-mother,LC,http://ftp.ebi.ac.uk/pub/databases/gwas/summary_statistics/GCST90042001-GCST90043000/GCST90042684,GCST90042684,GCST90042684.tsv.gz, European,GRCh37,variant_id,effect_allele,other_allele,effect_allele_frequency,NA,NA,NA,beta,NA,standard_error,P_noSPA,N,417332,NA,17376,NA,399956,NA,NA
A generalized linear mixed model association tool for biobank-scale data.,34737426,family history of lung cancer,lung-cancer-family-sibling,LC,http://ftp.ebi.ac.uk/pub/databases/gwas/summary_statistics/GCST90042001-GCST90043000/GCST90042698,GCST90042698,GCST90042698, European,GRCh37,variant_id,effect_allele,other_allele,effect_allele_frequency,NA,NA,NA,beta,NA,standard_error,P_noSPA,N,356353,NA,8126,NA,348227,NA,NA
A generalized linear mixed model association tool for biobank-scale data.,34737426,family history of lung cancer,lung-cancer-family-father,LC,http://ftp.ebi.ac.uk/pub/databases/gwas/summary_statistics/GCST90042001-GCST90043000/GCST90042672,GCST90042672,GCST90042672.tsv.gz, European,GRCh37,variant_id,effect_allele,other_allele,effect_allele_frequency,NA,NA,NA,beta,NA,standard_error,P_noSPA,N,396188,NA,37124,NA,359064,NA,NA
Large-scale association analysis identifies new lung cancer susceptibility loci and heterogeneity in genetic susceptibility across histological subtypes.,28604730,lung carcinoma,lung-carcinoma-1,LC,http://ftp.ebi.ac.uk/pub/databases/gwas/summary_statistics/GCST004001-GCST005000/GCST004748,GCST004748,GCST004748.tsv, European,GRCh37,variant_id,effect_allele,other_allele,effect_allele_frequency,NA,NA,NA,beta,NA,standard_error,p_value,,85716,NA,29266,NA,56450,NA,NA
Large-scale association analysis identifies new lung cancer susceptibility loci and heterogeneity in genetic susceptibility across histological subtypes.,28604730,lung carcinoma,lung-carcinoma-smokers,LC,http://ftp.ebi.ac.uk/pub/databases/gwas/summary_statistics/GCST004001-GCST005000/GCST004749,GCST004749,GCST004749.tsv, European,GRCh37,variant_id,effect_allele,other_allele,effect_allele_frequency,NA,NA,NA,beta,NA,standard_error,p_value,,40187,NA,23223,NA,16964,NA,NA
Large-scale association analysis identifies new lung cancer susceptibility loci and heterogeneity in genetic susceptibility across histological subtypes.,28604730,squamous cell lung carcinoma,lung-cancer-squamous,LC,http://ftp.ebi.ac.uk/pub/databases/gwas/summary_statistics/GCST004001-GCST005000/GCST004750,GCST004750,GCST004750.tsv., European,GRCh37,variant_id,effect_allele,other_allele,effect_allele_frequency,NA,NA,NA,beta,odds_ratio,standard_error,p_value,,63053,NA,7426,NA,55627,NA,NA
A generalized linear mixed model association tool for biobank-scale data.,34737426,prostate cancer,prostate-cancer-1,PCa,http://ftp.ebi.ac.uk/pub/databases/gwas/summary_statistics/GCST90043001-GCST90044000/GCST90043894,GCST90043894,GCST90043894.tsv.gz, European,GRCh37,variant_id,effect_allele,other_allele,effect_allele_frequency,NA,NA,NA,beta,NA,standard_error,P_noSPA,N,208808,NA,7769,NA,201039,NA,NA
A generalized linear mixed model association tool for biobank-scale data.,34737426,"prostate cancer,family history",prostate-cancer-sibling,PCa,http://ftp.ebi.ac.uk/pub/databases/gwas/summary_statistics/GCST90042001-GCST90043000/GCST90042696,GCST90042696,GCST90042696.tsv.gz, European,GRCh37,variant_id,effect_allele,other_allele,effect_allele_frequency,NA,NA,NA,beta,NA,standard_error,P_noSPA,N,356173,NA,5873,NA,350300,NA,NA
A generalized linear mixed model association tool for biobank-scale data.,34737426,"prostate cancer,family history",prostate-cancer-father,PCa,http://ftp.ebi.ac.uk/pub/databases/gwas/summary_statistics/GCST90042001-GCST90043000/GCST90042670,GCST90042670,GCST90042670.tsv.gz, European,GRCh37,variant_id,effect_allele,other_allele,effect_allele_frequency,NA,NA,NA,beta,NA,standard_error,P_noSPA,N,394258,NA,30487,NA,363771,NA,NA
Pan-cancer study detects genetic risk variants and shared genetic basis in two large cohorts.,32887889,prostate carcinoma,prostate-cancer-3,PCa,http://ftp.ebi.ac.uk/pub/databases/gwas/summary_statistics/GCST90011001-GCST90012000/GCST90011808,GCST90011808,GCST90011808.tsv.gz, European,GRCh37,variant_id,effect_allele,other_allele,,NA,NA,NA,,odds_ratio,,p_value,totN,421142,NA,10792,NA,410350,NA,NA
A generalized linear mixed model association tool for biobank-scale data.,34737426,prostate carcinoma,prostate-cancer-5,PCa,http://ftp.ebi.ac.uk/pub/databases/gwas/summary_statistics/GCST90041001-GCST90042000/GCST90041853,GCST90041853,GCST90041853.tsv.gz, European,GRCh37,variant_id,effect_allele,other_allele,effect_allele_frequency,NA,NA,NA,beta,NA,standard_error,P_noSPA,N,208808,NA,5796,NA,203012,NA,NA
ADuLT: An efficient and robust time-to-event GWAS.,37689771,schizophrenia,schizo-age-sex-M1,SCZ,http://ftp.ebi.ac.uk/pub/databases/gwas/summary_statistics/GCST90275001-GCST90276000/GCST90275156,GCST90275156,GCST90275156.tsv, European,GRCh37,rs_id,effect_allele,other_allele,effect_allele_frequency,NA,NA,z,beta,NA,standard_error,p_value,,48523,NA,11602,NA,36921,NA,NA
ADuLT: An efficient and robust time-to-event GWAS.,37689771,schizophrenia,schizo-sex-M1,SCZ,http://ftp.ebi.ac.uk/pub/databases/gwas/summary_statistics/GCST90275001-GCST90276000/GCST90275157,GCST90275157,GCST90275157.tsv, European,GRCh37,rs_id,effect_allele,other_allele,effect_allele_frequency,NA,NA,z,beta,NA,standard_error,p_value,,48523,NA,11602,NA,36921,NA,NA
ADuLT: An efficient and robust time-to-event GWAS.,37689771,schizophrenia,schizophrenia-M1,SCZ,http://ftp.ebi.ac.uk/pub/databases/gwas/summary_statistics/GCST90275001-GCST90276000/GCST90275158,GCST90275158,GCST90275158.tsv, European,GRCh37,rs_id,effect_allele,other_allele,effect_allele_frequency,NA,NA,z,beta,NA,standard_error,p_value,,48523,NA,11602,NA,36921,NA,NA
Genetic and functional interaction network analysis reveals global enrichment of regulatory T cell genes influencing basal cell carcinoma susceptibility.,33549134,basal cell carcinoma,bcc-1,SKIN,http://ftp.ebi.ac.uk/pub/databases/gwas/summary_statistics/GCST90013001-GCST90014000/GCST90013410,GCST90013410,GCST90013410.tsv, European,GRCh37,variant_id,effect_allele,other_allele,effect_allele_frequency,NA,NA,NA,beta,NA,standard_error,p_value,N,392871,NA,17416,NA,375455,NA,NA
A multi-phenotype analysis reveals 19 susceptibility loci for basal cell carcinoma and 15 for squamous cell carcinoma.,36496446,basal cell carcinoma,bcc-2,SKIN,http://ftp.ebi.ac.uk/pub/databases/gwas/summary_statistics/GCST90137001-GCST90138000/GCST90137411,GCST90137411,GCST90137411.tsv.gz, European,GRCh37,variant_id,effect_allele,other_allele,effect_allele_frequency,NA,NA,NA,beta,odds_ratio,standard_error,p_value,,307684,NA,20791,NA,286893,NA,NA
Pan-cancer study detects genetic risk variants and shared genetic basis in two large cohorts.,32887889,melanoma,melanoma-1,SKIN,http://ftp.ebi.ac.uk/pub/databases/gwas/summary_statistics/GCST90011001-GCST90012000/GCST90011809,GCST90011809,GCST90011809.tsv.gz, European,GRCh37,variant_id,effect_allele,other_allele,,NA,NA,NA,,odds_ratio,,p_value,totN,417127,NA,6777,NA,410350,NA,NA
A generalized linear mixed model association tool for biobank-scale data.,34737426,skin neoplasm,skin-carcinoma-face,SKIN,http://ftp.ebi.ac.uk/pub/databases/gwas/summary_statistics/GCST90043001-GCST90044000/GCST90043874,GCST90043874,GCST90043874.tsv.gz, European,GRCh37,variant_id,effect_allele,other_allele,effect_allele_frequency,NA,NA,NA,beta,NA,standard_error,P_noSPA,N,456348,NA,6046,NA,450302,NA,NA
A generalized linear mixed model association tool for biobank-scale data.,34737426,skin neoplasm,non-epithelial-carcinoma,SKIN,http://ftp.ebi.ac.uk/pub/databases/gwas/summary_statistics/GCST90041001-GCST90042000/GCST90041830,GCST90041830,GCST90041830.tsv.gz, European,GRCh37,variant_id,effect_allele,other_allele,effect_allele_frequency,NA,NA,NA,beta,NA,standard_error,P_noSPA,N,456348,NA,11964,NA,444384,NA,NA
A multi-phenotype analysis reveals 19 susceptibility loci for basal cell carcinoma and 15 for squamous cell carcinoma.,36496446,squamous cell carcinoma,squamous-carcinoma,SKIN,http://ftp.ebi.ac.uk/pub/databases/gwas/summary_statistics/GCST90137001-GCST90138000/GCST90137412,GCST90137412,GCST90137412.tsv.gz, European,GRCh37,variant_id,effect_allele,other_allele,effect_allele_frequency,NA,NA,NA,beta,NA,standard_error,p_value,,294294,NA,7402,NA,286892,NA,NA
