selection,disease,disease_subtype,id,label,type,condition_label,filename,ref_genome,snp,a1,a2,frq,FRQ_U,FRQ_A,z,b,OR,se,p,N_col,N_num,Nca_col,Nca_val,Nco_col,Nco_val,INFO,ignore,local_raw_path,remote_raw_path,munged,local_munged_path,remote_munged_path,wrangled,local_wrangled_path,remote_wrangled_path
subtype-family,alzheimer's disease,family history,GCST90012878,alzheimers-disease-family-history,NEU,ALZ,GCST90012878.tsv.gz,,SNP_ID,effect_allele,other_allele,effect_allele_frequency,,,,beta,,standard_error,p_value,,408942.0,,53042.0,,355900.0,INFO,variant_id,/home/maria/git/SOROLLA/SumStats/RAW/GCST90012878.tsv.gz,/gpfs/projects/bsc02/mflores/gencor/SumStats/RAW/GCST90012878.tsv.gz,True,SumStats/Munged/GCST90012878_alzheimers-disease-family-history.sumstats.gz,/gpfs/projects/bsc02/mflores/gencor/SumStats/Munged/GCST90012878_alzheimers-disease-family-history.sumstats.gz,True,,
main,alzheimer's disease,,GCST007511,alzheimers-late-onset-1,NEU,ALZ,GCST007511.txt,,MarkerName,Effect_allele,Non_Effect_allele,,,,,Beta,,SE,Pvalue,,63926.0,,21982.0,,41944.0,,,/home/maria/git/SOROLLA/SumStats/RAW/GCST007511.txt,/gpfs/projects/bsc02/mflores/gencor/SumStats/RAW/GCST007511.txt,True,SumStats/Munged/GCST007511_alzheimers-late-onset-1.sumstats.gz,/gpfs/projects/bsc02/mflores/gencor/SumStats/Munged/GCST007511_alzheimers-late-onset-1.sumstats.gz,True,,
minor,alzheimer's disease,,GCST002245,alzheimers-late-onset-4,NEU,ALZ,GCST002245.txt,,MarkerName,Effect_allele,Non_Effect_allele,,,,,Beta,,SE,Pvalue,,55134.0,,17008.0,,37154.0,,,/home/maria/git/SOROLLA/SumStats/RAW/GCST002245.txt,/gpfs/projects/bsc02/mflores/gencor/SumStats/RAW/GCST002245.txt,True,SumStats/Munged/GCST002245_alzheimers-late-onset-4.sumstats.gz,/gpfs/projects/bsc02/mflores/gencor/SumStats/Munged/GCST002245_alzheimers-late-onset-4.sumstats.gz,True,,
main,amyotrophic lateral sclerosis,,GCST90027164,lateral-sclerosis-1,NEU,SCLE,GCST90027164.tsv.gz,,rsid,effect_allele,other_allele,effect_allele_frequency,,,,beta,,standard_error,p_value,,138086.0,,27205.0,,110881.0,,,/home/maria/git/SOROLLA/SumStats/RAW/GCST90027164.tsv.gz,/gpfs/projects/bsc02/mflores/gencor/SumStats/RAW/GCST90027164.tsv.gz,True,SumStats/Munged/GCST90027164_lateral-sclerosis-1.sumstats.gz,/gpfs/projects/bsc02/mflores/gencor/SumStats/Munged/GCST90027164_lateral-sclerosis-1.sumstats.gz,True,,
minor,amyotrophic lateral sclerosis,,GCST004692,lateral-sclerosis-2,NEU,SCLE,GCST004692.tsv.gz,,variant_id,effect_allele,other_allele,freq,,,,beta,,standard_error,p_value,,36052.0,,12577.0,,23475.0,,,/home/maria/git/SOROLLA/SumStats/RAW/GCST004692.tsv.gz,/gpfs/projects/bsc02/mflores/gencor/SumStats/RAW/GCST004692.tsv.gz,True,SumStats/Munged/GCST004692_lateral-sclerosis-2.sumstats.gz,/gpfs/projects/bsc02/mflores/gencor/SumStats/Munged/GCST004692_lateral-sclerosis-2.sumstats.gz,True,,
main,anorexia nervosa,anorexia nervosa,GCST008465,ANN-PGC-2019,PSY,TCA,GCST008465.tsv,,ID,ALT,REF,,,,,BETA,,SE,PVAL,,72517.0,NCAS,16992.0,NCON,55525.0,IMPINFO,,/home/maria/git/SOROLLA/SumStats/RAW/GCST008465.tsv,/gpfs/projects/bsc02/mflores/gencor/SumStats/RAW/GCST008465.tsv,True,SumStats/Munged/GCST008465_ANN-PGC-2019.sumstats.gz,/gpfs/projects/bsc02/mflores/gencor/SumStats/Munged/GCST008465_ANN-PGC-2019.sumstats.gz ,True,,
main,anxiety,,GCST90225527,anxiety-2,PSY,ANX,GCST90225527.tsv,GRCh37,variant_id,effect_allele,other_allele,effect_allele_frequency,,,,beta,,standard_error,p_value,,502477.0,,16079.0,,486398.0,,,/home/maria/git/SOROLLA/SumStats/RAW/GCST90225527.tsv,/gpfs/projects/bsc02/mflores/gencor/SumStats/RAW/GCST90225527.tsv,True,SumStats/Munged/GCST90225527_anxiety-2.sumstats.gz,/gpfs/projects/bsc02/mflores/gencor/SumStats/Munged/GCST90225527_anxiety-2.sumstats.gz,True,,
minor,anxiety,,GCST90225528,anxiety-any,PSY,ANX,GCST90225528.tsv,GRCh37,variant_id,effect_allele,other_allele,effect_allele_frequency,,,,beta,,standard_error,p_value,,502474.0,,21606.0,,480868.0,,,/home/maria/git/SOROLLA/SumStats/RAW/GCST90225528.tsv,/gpfs/projects/bsc02/mflores/gencor/SumStats/RAW/GCST90225528.tsv,True,SumStats/Munged/GCST90225528_anxiety-any.sumstats.gz,/gpfs/projects/bsc02/mflores/gencor/SumStats/Munged/GCST90225528_anxiety-any.sumstats.gz,True,,
minor,anxiety,,GCST90225529,anxiety-others,PSY,ANX,GCST90225529.tsv,GRCh37,variant_id,effect_allele,other_allele,effect_allele_frequency,,,,beta,,standard_error,p_value,,502468.0,,19596.0,,482872.0,,,/home/maria/git/SOROLLA/SumStats/RAW/GCST90225529.tsv,/gpfs/projects/bsc02/mflores/gencor/SumStats/RAW/GCST90225529.tsv,True,SumStats/Munged/GCST90225529_anxiety-others.sumstats.gz,/gpfs/projects/bsc02/mflores/gencor/SumStats/Munged/GCST90225529_anxiety-others.sumstats.gz,True,,
minor,anxiety,,GCST90042778,anxiety-1,PSY,ANX,GCST90042778.tsv.gz,GRCh37,variant_id,effect_allele,other_allele,effect_allele_frequency,,,,beta,,standard_error,P_noSPA,N,45569.0,,27846.0,,17723.0,,,/home/maria/git/SOROLLA/SumStats/RAW/GCST90042778.tsv.gz,/gpfs/projects/bsc02/mflores/gencor/SumStats/RAW/GCST90042778.tsv.gz,True,SumStats/Munged/GCST90042778_anxiety-1.sumstats.gz,/gpfs/projects/bsc02/mflores/gencor/SumStats/Munged/GCST90042778_anxiety-1.sumstats.gz,True,,
subtype,anxiety,medication,GCST90042841,anxiety-medication,PSY,ANX,GCST90042841.tsv.gz,GRCh37,variant_id,effect_allele,other_allele,effect_allele_frequency,,,,beta,,standard_error,P_noSPA,N,123823.0,,16139.0,,107684.0,,,/home/maria/git/SOROLLA/SumStats/RAW/GCST90042841.tsv.gz,/gpfs/projects/bsc02/mflores/gencor/SumStats/RAW/GCST90042841.tsv.gz,True,SumStats/Munged/GCST90042841_anxiety-medication.sumstats.gz,/gpfs/projects/bsc02/mflores/gencor/SumStats/Munged/GCST90042841_anxiety-medication.sumstats.gz,True,,
subtype,anxiety,treatment,GCST90042843,anxiety-treatment-1,PSY,ANX,GCST90042843.tsv.gz,GRCh37,variant_id,effect_allele,other_allele,effect_allele_frequency,,,,beta,,standard_error,P_noSPA,N,123823.0,,16124.0,,107699.0,,,/home/maria/git/SOROLLA/SumStats/RAW/GCST90042843.tsv.gz,/gpfs/projects/bsc02/mflores/gencor/SumStats/RAW/GCST90042843.tsv.gz,True,SumStats/Munged/GCST90042843_anxiety-treatment-1.sumstats.gz,/gpfs/projects/bsc02/mflores/gencor/SumStats/Munged/GCST90042843_anxiety-treatment-1.sumstats.gz,True,,
subtype,anxiety,treatment,GCST90042844,anxiety-treatment-2,PSY,ANX,GCST90042844.tsv.gz,GRCh37,variant_id,effect_allele,other_allele,effect_allele_frequency,,,,beta,,standard_error,P_noSPA,N,123823.0,,7213.0,,116610.0,,,/home/maria/git/SOROLLA/SumStats/RAW/GCST90042844.tsv.gz,/gpfs/projects/bsc02/mflores/gencor/SumStats/RAW/GCST90042844.tsv.gz,True,SumStats/Munged/GCST90042844_anxiety-treatment-2.sumstats.gz,/gpfs/projects/bsc02/mflores/gencor/SumStats/Munged/GCST90042844_anxiety-treatment-2.sumstats.gz,True,,
minor,anxiety,,GCST90435863,anxiety-3,PSY,ANX,GCST90435863.tsv.gz,,ID,ALT,REF,,,,,beta,,sebeta,pval,,372415.0,num_cases,6939.0,num_controls,365476.0,,,/home/maria/git/SOROLLA/SumStats/RAW/GCST90435863.tsv.gz,/gpfs/projects/bsc02/mflores/gencor/SumStats/RAW/GCST90435863.tsv.gz,True,SumStats/Munged/GCST90435863_anxiety-3.sumstats.gz,/gpfs/projects/bsc02/mflores/gencor/SumStats/Munged/GCST90435863_anxiety-3.sumstats.gz ,True,,
minor,anxiety,,GCST90435864,anxiety-4,PSY,ANX,GCST90435864.tsv.gz,,ID,ALT,REF,,,,,beta,,sebeta,pval,,371851.0,num_cases,6375.0,num_controls,365476.0,,,/home/maria/git/SOROLLA/SumStats/RAW/GCST90435864.tsv.gz,/gpfs/projects/bsc02/mflores/gencor/SumStats/RAW/GCST90435864.tsv.gz,True,SumStats/Munged/GCST90435864_anxiety-4.sumstats.gz,/gpfs/projects/bsc02/mflores/gencor/SumStats/Munged/GCST90435864_anxiety-4.sumstats.gz,True,,
subtype,attention deficit disorder,"age, sex",GCST90275147,ADHD-age-sex-M1,PSY,ADHD,GCST90275147.tsv,GRCh37,rs_id,effect_allele,other_allele,effect_allele_frequency,,,z,beta,,standard_error,p_value,,58286.0,,21738.0,,36548.0,,"ref_allele, variant_id",/home/maria/git/SOROLLA/SumStats/RAW/GCST90275147.tsv,/gpfs/projects/bsc02/mflores/gencor/SumStats/RAW/GCST90275147.tsv,True,SumStats/Munged/GCST90275147_ADHD-age-sex-M1.sumstats.gz,/gpfs/projects/bsc02/mflores/gencor/SumStats/Munged/GCST90275147_ADHD-age-sex-M1.sumstats.gz,True,,
subtype,attention deficit disorder,sex,GCST90275148,ADHD-sex-M1,PSY,ADHD,GCST90275148.tsv,GRCh37,rs_id,effect_allele,other_allele,effect_allele_frequency,,,z,beta,,standard_error,p_value,,58286.0,,21738.0,,36548.0,,"ref_allele, variant_id",/home/maria/git/SOROLLA/SumStats/RAW/GCST90275148.tsv,/gpfs/projects/bsc02/mflores/gencor/SumStats/RAW/GCST90275148.tsv,True,SumStats/Munged/GCST90275148_ADHD-sex-M1.sumstats.gz,/gpfs/projects/bsc02/mflores/gencor/SumStats/Munged/GCST90275148_ADHD-sex-M1.sumstats.gz,True,,
minor,attention deficit disorder,,GCST90275149,ADHD-1,PSY,ADHD,GCST90275149.tsv,GRCh37,rs_id,effect_allele,other_allele,effect_allele_frequency,,,z,beta,,standard_error,p_value,,58286.0,,21738.0,,36548.0,,"ref_allele, variant_id",/home/maria/git/SOROLLA/SumStats/RAW/GCST90275149.tsv,/gpfs/projects/bsc02/mflores/gencor/SumStats/RAW/GCST90275149.tsv,True,SumStats/Munged/GCST90275149_ADHD-1.sumstats.gz,/gpfs/projects/bsc02/mflores/gencor/SumStats/Munged/GCST90275149_ADHD-1.sumstats.gz,True,,
main,attention deficit disorder,,PGC-ADHD-2022,ADHD-PGC-2022,PSY,ADHD,ADHD2022_iPSYCH_deCODE_PGC.meta.gz,GRCh37,SNP,A1,A2,,FRQ_U_186843,FRQ_A_38691,,,OR,SE,P,N-col,225534.0,Nca,38691.0,Nco,186843.0,INFO,,/home/maria/git/SOROLLA/SumStats/RAW/ADHD2022_iPSYCH_deCODE_PGC.meta.gz,/gpfs/projects/bsc02/mflores/gencor/SumStats/RAW/ADHD2022_iPSYCH_deCODE_PGC.meta.gz,True,SumStats/Munged/PGC-ADHD-2022_ADHD-PGC-2022.sumstats.gz,/gpfs/projects/bsc02/mflores/gencor/SumStats/Munged/PGC-ADHD-2022_ADHD-PGC-2022.sumstats.gz,Error,,
subtype,autism,"age, sex",GCST90275150,autism-age-sex-M1,PSY,ASD,GCST90275150.tsv,GRCh37,rs_id,effect_allele,other_allele,effect_allele_frequency,,,z,beta,,standard_error,p_value,,54976.0,,18235.0,,36741.0,,"ref_allele, variant_id",/home/maria/git/SOROLLA/SumStats/RAW/GCST90275150.tsv,/gpfs/projects/bsc02/mflores/gencor/SumStats/RAW/GCST90275150.tsv,True,SumStats/Munged/GCST90275150_autism-age-sex-M1.sumstats.gz,/gpfs/projects/bsc02/mflores/gencor/SumStats/Munged/GCST90275150_autism-age-sex-M1.sumstats.gz,True,,
subtype,autism,sex,GCST90275151,autism-sex-M1,PSY,ASD,GCST90275151.tsv,GRCh37,rs_id,effect_allele,other_allele,effect_allele_frequency,,,z,beta,,standard_error,p_value,,54976.0,,18235.0,,36741.0,,"ref_allele, variant_id",/home/maria/git/SOROLLA/SumStats/RAW/GCST90275151.tsv,/gpfs/projects/bsc02/mflores/gencor/SumStats/RAW/GCST90275151.tsv,True,SumStats/Munged/GCST90275151_autism-sex-M1.sumstats.gz,/gpfs/projects/bsc02/mflores/gencor/SumStats/Munged/GCST90275151_autism-sex-M1.sumstats.gz,True,,
minor,autism,,GCST90275152,autism-1,PSY,ASD,GCST90275152.tsv,GRCh37,rs_id,effect_allele,other_allele,effect_allele_frequency,,,z,beta,,standard_error,p_value,,54976.0,,18235.0,,36741.0,,"ref_allele, variant_id",/home/maria/git/SOROLLA/SumStats/RAW/GCST90275152.tsv,/gpfs/projects/bsc02/mflores/gencor/SumStats/RAW/GCST90275152.tsv,True,SumStats/Munged/GCST90275152_autism-1.sumstats.gz,/gpfs/projects/bsc02/mflores/gencor/SumStats/Munged/GCST90275152_autism-1.sumstats.gz,True,,
main,autism,,GCST010514,autism-2,PSY,ASD,GCST010514.tsv,,rsID,Allele1,Allele2,,,,,,,EffectStdErr,P-value,TotalSampleSize,55420.0,,22916.0,,32504.0,,MarkerName,/home/maria/git/SOROLLA/SumStats/RAW/GCST010514.tsv,/gpfs/projects/bsc02/mflores/gencor/SumStats/RAW/GCST010514.tsv,True,SumStats/Munged/GCST010514_autism-2.sumstats.gz,/gpfs/projects/bsc02/mflores/gencor/SumStats/Munged/GCST010514_autism-2.sumstats.gz,Error,,
main,bipolar disorder,,PGC-BIP-2021,BIP-PGC-2021,PSY,BIP,PGC-BIP-2021.gz,,SNP,A1,A2,,FRQ_U_313436,FRQ_A_40463,,,OR,SE,P,,413466.0,Nca,41917.0,Nco,371549.0,INFO,,/home/maria/git/SOROLLA/SumStats/RAW/PGC-BIP-2021.gz,/gpfs/projects/bsc02/mflores/gencor/SumStats/RAW/PGC-BIP-2021.gz,True,SumStats/Munged/PGC-BIP-2021_BIP-PGC-2021.sumstats.gz,/gpfs/projects/bsc02/mflores/gencor/SumStats/Munged/PGC-BIP-2021_BIP-PGC-2021.sumstats.gz,Error,,
minor,bipolar disorder,,GCST001241,BIP-PGC-2011,PSY,BIP,GCST001241.txt.gz,,snpid,a1,a2,,,,,,or,se,pval,,16731.0,,7481.0,,9250.0,info,,/home/maria/git/SOROLLA/SumStats/RAW/GCST001241.txt.gz,/gpfs/projects/bsc02/mflores/gencor/SumStats/RAW/GCST001241.txt.gz,True,SumStats/Munged/GCST001241_BIP-PGC-2011.sumstats.gz,/gpfs/projects/bsc02/mflores/gencor/SumStats/Munged/GCST001241_BIP-PGC-2011.sumstats.gz,Error,,
minor,breast cancer,carcinoma,GCST90011804,breast-carcinoma-1,CAN,BRCA,GCST90011804.tsv.gz,GRCh37,variant_id,effect_allele,other_allele,,,,,,odds_ratio,,p_value,totN,428231.0,,17881.0,,410350.0,,n,/home/maria/git/SOROLLA/SumStats/RAW/GCST90011804.tsv.gz,/gpfs/projects/bsc02/mflores/gencor/SumStats/RAW/GCST90011804.tsv.gz,True,SumStats/Munged/GCST90011804_breast-carcinoma-1.sumstats.gz,/gpfs/projects/bsc02/mflores/gencor/SumStats/Munged/GCST90011804_breast-carcinoma-1.sumstats.gz,Error,,
main,breast cancer,carcinoma,GCST90041886,breast-carcinoma-2,CAN,BRCA,GCST90041886.tsv.gz,GRCh37,variant_id,effect_allele,other_allele,effect_allele_frequency,,,,beta,,standard_error,P_noSPA,N,456276.0,,10152.0,,446124.0,,,/home/maria/git/SOROLLA/SumStats/RAW/GCST90041886.tsv.gz,/gpfs/projects/bsc02/mflores/gencor/SumStats/RAW/GCST90041886.tsv.gz,True,SumStats/Munged/GCST90041886_breast-carcinoma-2.sumstats.gz,/gpfs/projects/bsc02/mflores/gencor/SumStats/Munged/GCST90041886_breast-carcinoma-2.sumstats.gz,True,,
subtype,breast cancer,malignant neoplasm,GCST90043889,breast-neoplasm-1,CAN,BRCA,GCST90043889.tsv.gz,GRCh37,variant_id,effect_allele,other_allele,effect_allele_frequency,,,,beta,,standard_error,P_noSPA,N,456348.0,,6087.0,,450261.0,,,/home/maria/git/SOROLLA/SumStats/RAW/GCST90043889.tsv.gz,/gpfs/projects/bsc02/mflores/gencor/SumStats/RAW/GCST90043889.tsv.gz,True,SumStats/Munged/GCST90043889_breast-neoplasm-1.sumstats.gz,/gpfs/projects/bsc02/mflores/gencor/SumStats/Munged/GCST90043889_breast-neoplasm-1.sumstats.gz,True,,
subtype,breast cancer,malignant neoplasm,GCST90041833,breast-neoplasm-2,CAN,BRCA,GCST90041833.tsv.gz,GRCh37,variant_id,effect_allele,other_allele,effect_allele_frequency,,,,beta,,standard_error,P_noSPA,N,456348.0,,10971.0,,445377.0,,,/home/maria/git/SOROLLA/SumStats/RAW/GCST90041833.tsv.gz,/gpfs/projects/bsc02/mflores/gencor/SumStats/RAW/GCST90041833.tsv.gz,True,SumStats/Munged/GCST90041833_breast-neoplasm-2.sumstats.gz,/gpfs/projects/bsc02/mflores/gencor/SumStats/Munged/GCST90041833_breast-neoplasm-2.sumstats.gz,True,,
subtype-family,breast cancer,family history,GCST90042686,breast-cancer-family-mother,CAN,BRCA,GCST90042686.tsv.gz,GRCh37,variant_id,effect_allele,other_allele,effect_allele_frequency,,,,beta,,standard_error,P_noSPA,N,417532.0,,34581.0,,382951.0,,,/home/maria/git/SOROLLA/SumStats/RAW/GCST90042686.tsv.gz,/gpfs/projects/bsc02/mflores/gencor/SumStats/RAW/GCST90042686.tsv.gz,True,SumStats/Munged/GCST90042686_breast-cancer-family-mother.sumstats.gz,/gpfs/projects/bsc02/mflores/gencor/SumStats/Munged/GCST90042686_breast-cancer-family-mother.sumstats.gz,True,,
subtype-family,breast cancer,family history,GCST90042700,breast-cancer-family-siblings,CAN,BRCA,GCST90042700.tsv.gz,GRCh37,variant_id,effect_allele,other_allele,effect_allele_frequency,,,,beta,,standard_error,P_noSPA,N,356573.0,,16344.0,,340229.0,,,/home/maria/git/SOROLLA/SumStats/RAW/GCST90042700.tsv.gz,/gpfs/projects/bsc02/mflores/gencor/SumStats/RAW/GCST90042700.tsv.gz,True,SumStats/Munged/GCST90042700_breast-cancer-family-siblings.sumstats.gz,/gpfs/projects/bsc02/mflores/gencor/SumStats/Munged/GCST90042700_breast-cancer-family-siblings.sumstats.gz,True,,
minor,breast cancer,,GCST90435600,breast-cancer-1,CAN,BRCA,GCST90435600.tsv.gz,,ID,ALT,REF,,,,,beta,,sebeta,pval,,401447.0,num_cases,12898.0,num_controls,388549.0,,,/home/maria/git/SOROLLA/SumStats/RAW/GCST90435600.tsv.gz,/gpfs/projects/bsc02/mflores/gencor/SumStats/RAW/GCST90435600.tsv.gz,True,SumStats/Munged/GCST90435600_breast-cancer-1.sumstats.gz,/gpfs/projects/bsc02/mflores/gencor/SumStats/Munged/GCST90435600_breast-cancer-1.sumstats.gz,True,,
minor,breast cancer,,GCST90435601,breast-cancer-2,CAN,BRCA,GCST90435601.tsv.gz,,ID,ALT,REF,,,,,beta,,sebeta,pval,,401220.0,num_cases,12671.0,num_controls,388549.0,,,/home/maria/git/SOROLLA/SumStats/RAW/GCST90435601.tsv.gz,/gpfs/projects/bsc02/mflores/gencor/SumStats/RAW/GCST90435601.tsv.gz,True,SumStats/Munged/GCST90435601_breast-cancer-2.sumstats.gz,/gpfs/projects/bsc02/mflores/gencor/SumStats/Munged/GCST90435601_breast-cancer-2.sumstats.gz,True,,
minor,breast cancer,,GCST90435602,breast-cancer-3,CAN,BRCA,GCST90435602.tsv.gz,,ID,ALT,REF,,,,,beta,,sebeta,pval,,400423.0,num_cases,11874.0,num_controls,388549.0,,,/home/maria/git/SOROLLA/SumStats/RAW/GCST90435602.tsv.gz,/gpfs/projects/bsc02/mflores/gencor/SumStats/RAW/GCST90435602.tsv.gz,True,SumStats/Munged/GCST90435602_breast-cancer-3.sumstats.gz,/gpfs/projects/bsc02/mflores/gencor/SumStats/Munged/GCST90435602_breast-cancer-3.sumstats.gz,True,,
minor,breast cancer,,GCST90428116,breast-cancer-4,CAN,BRCA,GCST90428116.tsv.gz,,rs_id,effect_allele,other_allele,effect_allele_frequency,,,,beta,,standard_error,p_value,n,175905.0,,9780.0,,166125.0,,variant_id,/home/maria/git/SOROLLA/SumStats/RAW/GCST90428116.tsv.gz,/gpfs/projects/bsc02/mflores/gencor/SumStats/RAW/GCST90428116.tsv.gz,True,SumStats/Munged/GCST90428116_breast-cancer-4.sumstats.gz,/gpfs/projects/bsc02/mflores/gencor/SumStats/Munged/GCST90428116_breast-cancer-4.sumstats.gz,True,,
main,cervical cancer,,GCST90011816,cervical-cancer-2,CAN,CC,GCST90011816.tsv.gz,GRCh37,variant_id,effect_allele,other_allele,,,,,,odds_ratio,,p_value,totN,416913.0,,6563.0,,410350.0,,n,/home/maria/git/SOROLLA/SumStats/RAW/GCST90011816.tsv.gz,/gpfs/projects/bsc02/mflores/gencor/SumStats/RAW/GCST90011816.tsv.gz,True,SumStats/Munged/GCST90011816_cervical-cancer-2.sumstats.gz,/gpfs/projects/bsc02/mflores/gencor/SumStats/Munged/GCST90011816_cervical-cancer-2.sumstats.gz,Error,,
minor,cervical cancer,,GCST90246358,cervical-cancer-1,CAN,CC,GCST90246358.tsv,,variant_id,effect_allele,other_allele,,,,,,,,p_value,,409197.0,,8624.0,,400573.0,,,/home/maria/git/SOROLLA/SumStats/RAW/GCST90246358.tsv,/gpfs/projects/bsc02/mflores/gencor/SumStats/RAW/GCST90246358.tsv,True,SumStats/Munged/GCST90246358_cervical-cancer-1.sumstats.gz,/gpfs/projects/bsc02/mflores/gencor/SumStats/Munged/GCST90246358_cervical-cancer-1.sumstats.gz,Error,,
main,cervical dysplasia,,GCST90246357,cervical-dysplasia,CAN,CC,GCST90246357.tsv,,variant_id,effect_allele,other_allele,,,,,,,,p_value,,165257.0,,14694.0,,150563.0,,,/home/maria/git/SOROLLA/SumStats/RAW/GCST90246357.tsv,/gpfs/projects/bsc02/mflores/gencor/SumStats/RAW/GCST90246357.tsv,True,SumStats/Munged/GCST90246357_cervical-dysplasia.sumstats.gz,/gpfs/projects/bsc02/mflores/gencor/SumStats/Munged/GCST90246357_cervical-dysplasia.sumstats.gz,Error,,
subtype,colorectal cancer,benign neoplasm,GCST90042860,crc-benign-neoplasm,CAN,CRC,GCST90042860.tsv.gz,GRCh37,variant_id,effect_allele,other_allele,effect_allele_frequency,,,,beta,,standard_error,P_noSPA,N,456348.0,,19026.0,,437322.0,,,/home/maria/git/SOROLLA/SumStats/RAW/GCST90042860.tsv.gz,/gpfs/projects/bsc02/mflores/gencor/SumStats/RAW/GCST90042860.tsv.gz,True,SumStats/Munged/GCST90042860_crc-benign-neoplasm.sumstats.gz,/gpfs/projects/bsc02/mflores/gencor/SumStats/Munged/GCST90042860_crc-benign-neoplasm.sumstats.gz,True,,
minor,colorectal cancer,,GCST90255675,crc-cancer-1,CAN,CRC,GCST90255675.tsv,GRCh37,variant_id,effect_allele,other_allele,,,,,beta,,standard_error,p_value,,185616.0,,78473.0,,107143.0,,,/home/maria/git/SOROLLA/SumStats/RAW/GCST90255675.tsv,/gpfs/projects/bsc02/mflores/gencor/SumStats/RAW/GCST90255675.tsv,True,SumStats/Munged/GCST90255675_crc-cancer-1.sumstats.gz,/gpfs/projects/bsc02/mflores/gencor/SumStats/Munged/GCST90255675_crc-cancer-1.sumstats.gz,True,,
minor,colorectal cancer,,GCST90255676,crc-cancer-2,CAN,CRC,GCST90255676.tsv,GRCh37,variant_id,effect_allele,other_allele,,,,,beta,,standard_error,p_value,,160527.0,,73673.0,,86854.0,,,/home/maria/git/SOROLLA/SumStats/RAW/GCST90255676.tsv,/gpfs/projects/bsc02/mflores/gencor/SumStats/RAW/GCST90255676.tsv,True,SumStats/Munged/GCST90255676_crc-cancer-2.sumstats.gz,/gpfs/projects/bsc02/mflores/gencor/SumStats/Munged/GCST90255676_crc-cancer-2.sumstats.gz,True,,
main,colorectal cancer,,GCST90428118,crc-cancer-3,CAN,CRC,GCST90428118.tsv.gz,,rs_id,effect_allele,other_allele,effect_allele_frequency,,,,beta,,standard_error,p_value,n,315260.0,,4988.0,,310272.0,,variant_id,/home/maria/git/SOROLLA/SumStats/RAW/GCST90428118.tsv.gz,/gpfs/projects/bsc02/mflores/gencor/SumStats/RAW/GCST90428118.tsv.gz,True,SumStats/Munged/GCST90428118_crc-cancer-3.sumstats.gz,/gpfs/projects/bsc02/mflores/gencor/SumStats/Munged/GCST90428118_crc-cancer-3.sumstats.gz,True,,
subtype-family,depression,family history,GCST90042682,depression-family-mother,PSY,DEP,GCST90042682.tsv.gz,GRCh37,variant_id,effect_allele,other_allele,effect_allele_frequency,,,,beta,,standard_error,P_noSPA,N,417293.0,,27823.0,,389470.0,,,/home/maria/git/SOROLLA/SumStats/RAW/GCST90042682.tsv.gz,/gpfs/projects/bsc02/mflores/gencor/SumStats/RAW/GCST90042682.tsv.gz,True,SumStats/Munged/GCST90042682_depression-family-mother.sumstats.gz,/gpfs/projects/bsc02/mflores/gencor/SumStats/Munged/GCST90042682_depression-family-mother.sumstats.gz,True,,
subtype-family,depression,family history,GCST90042695,depression-family-sibling,PSY,DEP,GCST90042695.tsv.gz,GRCh37,variant_id,effect_allele,other_allele,effect_allele_frequency,,,,beta,,standard_error,P_noSPA,N,357071.0,,25919.0,,331152.0,,,/home/maria/git/SOROLLA/SumStats/RAW/GCST90042695.tsv.gz,/gpfs/projects/bsc02/mflores/gencor/SumStats/RAW/GCST90042695.tsv.gz,True,SumStats/Munged/GCST90042695_depression-family-sibling.sumstats.gz,/gpfs/projects/bsc02/mflores/gencor/SumStats/Munged/GCST90042695_depression-family-sibling.sumstats.gz,True,,
subtype-family,depression,family history,GCST90042669,depression-family-father,PSY,DEP,GCST90042669.tsv.gz,GRCh37,variant_id,effect_allele,other_allele,effect_allele_frequency,,,,beta,,standard_error,P_noSPA,N,394089.0,,15165.0,,378924.0,,,/home/maria/git/SOROLLA/SumStats/RAW/GCST90042669.tsv.gz,/gpfs/projects/bsc02/mflores/gencor/SumStats/RAW/GCST90042669.tsv.gz,True,SumStats/Munged/GCST90042669_depression-family-father.sumstats.gz,/gpfs/projects/bsc02/mflores/gencor/SumStats/Munged/GCST90042669_depression-family-father.sumstats.gz,True,,
subtype,depression,postpartum,GCST90042784,depression-postpartum,PSY,DEP,GCST90042784.tsv.gz,GRCh37,variant_id,effect_allele,other_allele,effect_allele_frequency,,,,beta,,standard_error,P_noSPA,N,48119.0,,6107.0,,42012.0,,,/home/maria/git/SOROLLA/SumStats/RAW/GCST90042784.tsv.gz,/gpfs/projects/bsc02/mflores/gencor/SumStats/RAW/GCST90042784.tsv.gz,True,SumStats/Munged/GCST90042784_depression-postpartum.sumstats.gz,/gpfs/projects/bsc02/mflores/gencor/SumStats/Munged/GCST90042784_depression-postpartum.sumstats.gz,True,,
subtype,depression,trauma,GCST90042786,depression-trauma,PSY,DEP,GCST90042786.tsv.gz,GRCh37,variant_id,effect_allele,other_allele,effect_allele_frequency,,,,beta,,standard_error,P_noSPA,N,83336.0,,60952.0,,22384.0,,,/home/maria/git/SOROLLA/SumStats/RAW/GCST90042786.tsv.gz,/gpfs/projects/bsc02/mflores/gencor/SumStats/RAW/GCST90042786.tsv.gz,True,SumStats/Munged/GCST90042786_depression-trauma.sumstats.gz,/gpfs/projects/bsc02/mflores/gencor/SumStats/Munged/GCST90042786_depression-trauma.sumstats.gz,True,,
subtype,depression,,GCST005902,depression-broad,PSY,DEP,GCST005902.txt,,rsid,A1,A2,AlleleFreq,,,,Beta,,StandardError,P,,322580.0,,113769.0,,208811.0,,,/home/maria/git/SOROLLA/SumStats/RAW/GCST005902.txt,/gpfs/projects/bsc02/mflores/gencor/SumStats/RAW/GCST005902.txt,True,SumStats/Munged/GCST005902_depression-broad.sumstats.gz,/gpfs/projects/bsc02/mflores/gencor/SumStats/Munged/GCST005902_depression-broad.sumstats.gz,True,,
minor,depression,symptoms,GCST003769,depression-symptoms,PSY,DEP,GCST003769.txt.gz,,MarkerName,A1,A2,EAF,,,,Beta,,SE,Pval,,180866.0,,,,58835.0,,,/home/maria/git/SOROLLA/SumStats/RAW/GCST003769.txt.gz,/gpfs/projects/bsc02/mflores/gencor/SumStats/RAW/GCST003769.txt.gz,True,SumStats/Munged/GCST003769_depression-symptoms.sumstats.gz,/gpfs/projects/bsc02/mflores/gencor/SumStats/Munged/GCST003769_depression-symptoms.sumstats.gz,True,,
main,depression,,GCST90435859,depression-disorder,PSY,DEP,GCST90435859.tsv.gz,,ID,ALT,REF,,,,,beta,,sebeta,pval,,377377.0,num_cases,11901.0,num_controls,365476.0,,,/home/maria/git/SOROLLA/SumStats/RAW/GCST90435859.tsv.gz,/gpfs/projects/bsc02/mflores/gencor/SumStats/RAW/GCST90435859.tsv.gz,True,SumStats/Munged/GCST90435859_depression-disorder.sumstats.gz,/gpfs/projects/bsc02/mflores/gencor/SumStats/Munged/GCST90435859_depression-disorder.sumstats.gz ,True,,
main,digestive cancer,benign,GCST90435657,digestive-neoplasm,CAN,INTEST,GCST90435657.tsv.gz,,ID,ALT,REF,,,,,beta,,sebeta,pval,,400581.0,num_cases,5280.0,num_controls,395301.0,,,/home/maria/git/SOROLLA/SumStats/RAW/GCST90435657.tsv.gz,/gpfs/projects/bsc02/mflores/gencor/SumStats/RAW/GCST90435657.tsv.gz,True,SumStats/Munged/GCST90435657_digestive-neoplasm.sumstats.gz,/gpfs/projects/bsc02/mflores/gencor/SumStats/Munged/GCST90435657_digestive-neoplasm.sumstats.gz ,True,,
minor,endometrial cancer,carcinoma,GCST006465,endometrial-carcinoma-1,CAN,EC,GCST006465.tsv.gz,GRCh37,variant_id,effect_allele,other_allele,effect_allele_frequency,,,,beta,,standard_error,p_value,,54884.0,,8758.0,,46126.0,INFO,,/home/maria/git/SOROLLA/SumStats/RAW/GCST006465.tsv.gz,/gpfs/projects/bsc02/mflores/gencor/SumStats/RAW/GCST006465.tsv.gz,True,SumStats/Munged/GCST006465_endometrial-carcinoma-1.sumstats.gz,/gpfs/projects/bsc02/mflores/gencor/SumStats/Munged/GCST006465_endometrial-carcinoma-1.sumstats.gz,True,,
main,endometrial cancer,carcinoma,GCST006464,endometrial-carcinoma-2,CAN,EC,GCST006464.tsv.gz,GRCh37,variant_id,effect_allele,other_allele,effect_allele_frequency,,,,beta,,standard_error,p_value,,121885.0,,12906.0,,108979.0,,,/home/maria/git/SOROLLA/SumStats/RAW/GCST006464.tsv.gz,/gpfs/projects/bsc02/mflores/gencor/SumStats/RAW/GCST006464.tsv.gz,True,SumStats/Munged/GCST006464_endometrial-carcinoma-2.sumstats.gz,/gpfs/projects/bsc02/mflores/gencor/SumStats/Munged/GCST006464_endometrial-carcinoma-2.sumstats.gz,True,,
main,epilepsy,,GCST90435926,epilepsy-1,NEU,EPI,GCST90435926.tsv.gz,,ID,ALT,REF,,,,,beta,,sebeta,pval,,400296.0,num_cases,5087.0,num_controls,395209.0,,,/home/maria/git/SOROLLA/SumStats/RAW/GCST90435926.tsv.gz,/gpfs/projects/bsc02/mflores/gencor/SumStats/RAW/GCST90435926.tsv.gz,True,SumStats/Munged/GCST90435926_epilepsy-1.sumstats.gz,/gpfs/projects/bsc02/mflores/gencor/SumStats/Munged/GCST90435926_epilepsy-1.sumstats.gz ,True,,
minor,epilepsy,,GCST90271611,epilepsy-2,NEU,EPI,GCST90271611.tsv.gz,,rs_id,effect_allele,other_allele,effect_allele_frequency,,,,beta,,standard_error,p_value,,69995.0,,27559.0,,42436.0,,,/home/maria/git/SOROLLA/SumStats/RAW/GCST90271611.tsv.gz,/gpfs/projects/bsc02/mflores/gencor/SumStats/RAW/GCST90271611.tsv.gz,True,SumStats/Munged/GCST90271611_epilepsy-2.sumstats.gz,/gpfs/projects/bsc02/mflores/gencor/SumStats/Munged/GCST90271611_epilepsy-2.sumstats.gz,True,,
subtype,epilepsy,,GCST90271612,generalised-epilepsy,NEU,EPI,GCST90271612.tsv.gz,,rs_id,effect_allele,other_allele,effect_allele_frequency,,,,beta,,standard_error,p_value,,49388.0,,6952.0,,42436.0,,,/home/maria/git/SOROLLA/SumStats/RAW/GCST90271612.tsv.gz,/gpfs/projects/bsc02/mflores/gencor/SumStats/RAW/GCST90271612.tsv.gz,True,SumStats/Munged/GCST90271612_generalised-epilepsy.sumstats.gz,/gpfs/projects/bsc02/mflores/gencor/SumStats/Munged/GCST90271612_generalised-epilepsy.sumstats.gz,True,,
subtype,epilepsy,partial,GCST90271613,partial-epilepsy-1,NEU,EPI,GCST90271613.tsv.gz,,rs_id,effect_allele,other_allele,effect_allele_frequency,,,,beta,,standard_error,p_value,,57375.0,,14939.0,,42436.0,,,/home/maria/git/SOROLLA/SumStats/RAW/GCST90271613.tsv.gz,/gpfs/projects/bsc02/mflores/gencor/SumStats/RAW/GCST90271613.tsv.gz,True,SumStats/Munged/GCST90271613_partial-epilepsy-1.sumstats.gz,/gpfs/projects/bsc02/mflores/gencor/SumStats/Munged/GCST90271613_partial-epilepsy-1.sumstats.gz,True,,
subtype,epilepsy,partial,GCST90271619,partial-epilepsy-2,NEU,EPI,GCST90271619.tsv.gz,,rs_id,effect_allele,other_allele,effect_allele_frequency,,,,beta,,standard_error,p_value,,48214.0,,5778.0,,42436.0,,,/home/maria/git/SOROLLA/SumStats/RAW/GCST90271619.tsv.gz,/gpfs/projects/bsc02/mflores/gencor/SumStats/RAW/GCST90271619.tsv.gz,True,SumStats/Munged/GCST90271619_partial-epilepsy-2.sumstats.gz,/gpfs/projects/bsc02/mflores/gencor/SumStats/Munged/GCST90271619_partial-epilepsy.sumstats.gz,True,,
main,esophaegal cancer,Barrett's esophagus,GCST003740,adenocarcinoma-barret-oesophagus,CAN,ADC,GCST003740.tsv.gz,GRCh37,variant_id,effect_allele,other_allele,,,,,beta,,standard_error,p_value,,27438.0,,,,17159.0,,,/home/maria/git/SOROLLA/SumStats/RAW/GCST003740.tsv.gz,/gpfs/projects/bsc02/mflores/gencor/SumStats/RAW/GCST003740.tsv.gz,True,SumStats/Munged/GCST003740_adenocarcinoma-barret-oesophagus.sumstats.gz,/gpfs/projects/bsc02/mflores/gencor/SumStats/Munged/GCST003740_adenocarcinoma-barret-oesophagus.sumstats.gz,True,,
main,glaucoma,,GCST90044335,glaucoma,CAN,CAN,GCST90044335.tsv.gz,,variant_id,effect_allele,other_allele,effect_allele_frequency,,,,beta,,standard_error,p_value,N,147979.0,,6368.0,,141611.0,,,/home/maria/git/SOROLLA/SumStats/RAW/GCST90044335.tsv.gz,/gpfs/projects/bsc02/mflores/gencor/SumStats/RAW/GCST90044335.tsv.gz,True,SumStats/Munged/GCST90044335_glaucoma.sumstats.gz,/gpfs/projects/bsc02/mflores/gencor/SumStats/Munged/GCST90044335_glaucoma.sumstats.gz,True,,
main,headache disorder,,GCST90435919,headache-disorder-1,PSY,CNSD,GCST90435919.tsv.gz,,ID,ALT,REF,,,,,beta,,sebeta,pval,,406671.0,num_cases,7891.0,num_controls,398780.0,,,/home/maria/git/SOROLLA/SumStats/RAW/GCST90435919.tsv.gz,/gpfs/projects/bsc02/mflores/gencor/SumStats/RAW/GCST90435919.tsv.gz,True,SumStats/Munged/GCST90435919_headache-disorder-1.sumstats.gz,/gpfs/projects/bsc02/mflores/gencor/SumStats/Munged/GCST90435919_headache-disorder-1.sumstats.gz ,True,,
minor,headache disorder,,GCST90129443,headache-disorder-2,NEU,CNSD,GCST90129443.tsv.gz,,variant_id,effect_allele,other_allele,effect_allele_frequency,,,,beta,,standard_error,p_value,,385514.0,,40222.0,,345292.0,INFO,,/home/maria/git/SOROLLA/SumStats/RAW/GCST90129443.tsv.gz,/gpfs/projects/bsc02/mflores/gencor/SumStats/RAW/GCST90129443.tsv.gz,True,SumStats/Munged/GCST90129443_headache-disorder-2.sumstats.gz,/gpfs/projects/bsc02/mflores/gencor/SumStats/Munged/GCST90129443_headache-disorder-2.sumstats.gz,True,,
subtype-family,intestinal cancer,family history,GCST90042685,intestinal-cancer-mother,CAN,INTEST,GCST90042685.tsv.gz,GRCh37,variant_id,effect_allele,other_allele,effect_allele_frequency,,,,beta,,standard_error,P_noSPA,N,417208.0,,21763.0,,395445.0,,,/home/maria/git/SOROLLA/SumStats/RAW/GCST90042685.tsv.gz,/gpfs/projects/bsc02/mflores/gencor/SumStats/RAW/GCST90042685.tsv.gz,True,SumStats/Munged/GCST90042685_intestinal-cancer-mother.sumstats.gz,/gpfs/projects/bsc02/mflores/gencor/SumStats/Munged/GCST90042685_intestinal-cancer-mother.sumstats.gz,True,,
subtype-family,intestinal cancer,family history,GCST90042699,intestinal-cancer-sibling,CAN,INTEST,GCST90042699.tsv.gz,GRCh37,variant_id,effect_allele,other_allele,effect_allele_frequency,,,,beta,,standard_error,P_noSPA,N,356280.0,,8807.0,,347473.0,,,/home/maria/git/SOROLLA/SumStats/RAW/GCST90042699.tsv.gz,/gpfs/projects/bsc02/mflores/gencor/SumStats/RAW/GCST90042699.tsv.gz,True,SumStats/Munged/GCST90042699_intestinal-cancer-sibling.sumstats.gz,/gpfs/projects/bsc02/mflores/gencor/SumStats/Munged/GCST90042699_intestinal-cancer-sibling.sumstats.gz,True,,
subtype-family,intestinal cancer,family history,GCST90042673,intestinal-cancer-father,CAN,INTEST,GCST90042673.tsv.gz,GRCh37,variant_id,effect_allele,other_allele,effect_allele_frequency,,,,beta,,standard_error,P_noSPA,N,394500.0,,23605.0,,370895.0,,,/home/maria/git/SOROLLA/SumStats/RAW/GCST90042673.tsv.gz,/gpfs/projects/bsc02/mflores/gencor/SumStats/RAW/GCST90042673.tsv.gz,True,SumStats/Munged/GCST90042673_intestinal-cancer-father.sumstats.gz,/gpfs/projects/bsc02/mflores/gencor/SumStats/Munged/GCST90042673_intestinal-cancer-father.sumstats.gz,True,,
subtype,lung cancer,adenocarcinoma,GCST004744,adenocarcinoma-lung,CAN,LC,GCST004744.tsv,GRCh37,variant_id,effect_allele,other_allele,effect_allele_frequency,,,,beta,,standard_error,p_value,,66756.0,,11273.0,,55483.0,,,/home/maria/git/SOROLLA/SumStats/RAW/GCST004744.tsv,/gpfs/projects/bsc02/mflores/gencor/SumStats/RAW/GCST004744.tsv,True,SumStats/Munged/GCST004744_adenocarcinoma-lung.sumstats.gz,/gpfs/projects/bsc02/mflores/gencor/SumStats/Munged/GCST004744_adenocarcinoma-lung.sumstats.gz,True,,
subtype-family,lung cancer,family history,GCST90042684,lung-cancer-family-mother,CAN,LC,GCST90042684.tsv.gz,GRCh37,variant_id,effect_allele,other_allele,effect_allele_frequency,,,,beta,,standard_error,P_noSPA,N,417332.0,,17376.0,,399956.0,,,/home/maria/git/SOROLLA/SumStats/RAW/GCST90042684.tsv.gz,/gpfs/projects/bsc02/mflores/gencor/SumStats/RAW/GCST90042684.tsv.gz,True,SumStats/Munged/GCST90042684_lung-cancer-family-mother.sumstats.gz,/gpfs/projects/bsc02/mflores/gencor/SumStats/Munged/GCST90042684_lung-cancer-family-mother.sumstats.gz,True,,
subtype-family,lung cancer,family history,GCST90042698,lung-cancer-family-sibling,CAN,LC,GCST90042698.tsv.gz,GRCh37,variant_id,effect_allele,other_allele,effect_allele_frequency,,,,beta,,standard_error,P_noSPA,N,356353.0,,8126.0,,348227.0,,,/home/maria/git/SOROLLA/SumStats/RAW/GCST90042698.tsv.gz,/gpfs/projects/bsc02/mflores/gencor/SumStats/RAW/GCST90042698,True,SumStats/Munged/GCST90042698_lung-cancer-family-sibling.sumstats.gz,/gpfs/projects/bsc02/mflores/gencor/SumStats/Munged/GCST90042698_lung-cancer-family-sibling.sumstats.gz,True,,
subtype-family,lung cancer,family history,GCST90042672,lung-cancer-family-father,CAN,LC,GCST90042672.tsv.gz,GRCh37,variant_id,effect_allele,other_allele,effect_allele_frequency,,,,beta,,standard_error,P_noSPA,N,396188.0,,37124.0,,359064.0,,,/home/maria/git/SOROLLA/SumStats/RAW/GCST90042672.tsv.gz,/gpfs/projects/bsc02/mflores/gencor/SumStats/RAW/GCST90042672.tsv.gz,True,SumStats/Munged/GCST90042672_lung-cancer-family-father.sumstats.gz,/gpfs/projects/bsc02/mflores/gencor/SumStats/Munged/GCST90042672_lung-cancer-family-father.sumstats.gz,True,,
main,lung cancer,,GCST004748,lung-carcinoma-1,CAN,LC,GCST004748.tsv,GRCh37,variant_id,effect_allele,other_allele,effect_allele_frequency,,,,beta,,standard_error,p_value,,85716.0,,29266.0,,56450.0,,,/home/maria/git/SOROLLA/SumStats/RAW/GCST004748.tsv,/gpfs/projects/bsc02/mflores/gencor/SumStats/RAW/GCST004748.tsv,True,SumStats/Munged/GCST004748_lung-carcinoma-1.sumstats.gz,/gpfs/projects/bsc02/mflores/gencor/SumStats/Munged/GCST004748_lung-carcinoma-1.sumstats.gz,True,,
subtype,lung cancer,smokers,GCST004749,lung-carcinoma-smokers,CAN,LC,GCST004749.tsv,GRCh37,variant_id,effect_allele,other_allele,effect_allele_frequency,,,,beta,,standard_error,p_value,,40187.0,,23223.0,,16964.0,,,/home/maria/git/SOROLLA/SumStats/RAW/GCST004749.tsv,/gpfs/projects/bsc02/mflores/gencor/SumStats/RAW/GCST004749.tsv,True,SumStats/Munged/GCST004749_lung-carcinoma-smokers.sumstats.gz,/gpfs/projects/bsc02/mflores/gencor/SumStats/Munged/GCST004749_lung-carcinoma-smokers.sumstats.gz,True,,
subtype,lung cancer,squamous cell,GCST004750,lung-cancer-squamous,CAN,LC,GCST004750.tsv,GRCh37,variant_id,effect_allele,other_allele,effect_allele_frequency,,,,beta,odds_ratio,standard_error,p_value,,63053.0,,7426.0,,55627.0,,,/home/maria/git/SOROLLA/SumStats/RAW/GCST004750.tsv,/gpfs/projects/bsc02/mflores/gencor/SumStats/RAW/GCST004750.tsv,True,SumStats/Munged/GCST004750_lung-cancer-squamous.sumstats.gz,/gpfs/projects/bsc02/mflores/gencor/SumStats/Munged/GCST004750_lung-cancer-squamous.sumstats.gz,True,,
main,lymph node cancer,,GCST90435631,lymph-node-malignant-neoplasm,CAN,CAN,GCST90435631.tsv.gz,,ID,ALT,REF,,,,,beta,,sebeta,pval,,375983.0,num_cases,5379.0,num_controls,370604.0,,,/home/maria/git/SOROLLA/SumStats/RAW/GCST90435631.tsv.gz,/gpfs/projects/bsc02/mflores/gencor/SumStats/RAW/GCST90435631.tsv.gz,True,SumStats/Munged/GCST90435631_lymph-node-malignant-neoplasm.sumstats.gz,/gpfs/projects/bsc02/mflores/gencor/SumStats/Munged/GCST90435631_lymph-node-malignant-neoplasm.sumstats.gz,True,,
minor,major depression disorder,,GCST009979,mdd-1,PSY,DEP,GCST009979.tsv.gz,GRCh37,variant_id,effect_allele,other_allele,effect_allele_frequency,,,,beta,odds_ratio,standard_error,p_value,,92957.0,n_case,29475.0,n_control,63482.0,info,,/home/maria/git/SOROLLA/SumStats/RAW/GCST009979.tsv.gz,/gpfs/projects/bsc02/mflores/gencor/SumStats/RAW/GCST009979.tsv.gz,True,SumStats/Munged/GCST009979_mdd-1.sumstats.gz,/gpfs/projects/bsc02/mflores/gencor/SumStats/Munged/GCST009979_mdd-1.sumstats.gz,True,,
subtype,major depression disorder,lifetime,GCST010009,mdd-lifetime-1,PSY,DEP,GCST010009.txt,GRCh37,SNP,A1,A0,A1FREQ,,,STAT,,OR,SE,P,,,,,,67171.0,,,/home/maria/git/SOROLLA/SumStats/RAW/GCST010009.txt,/gpfs/projects/bsc02/mflores/gencor/SumStats/RAW/GCST010009.txt,True,SumStats/Munged/GCST010009_mdd-lifetime-1.sumstats.gz,/gpfs/projects/bsc02/mflores/gencor/SumStats/Munged/GCST010009_mdd-lifetime-1.sumstats.gz,True,,
subtype,major depression disorder,recurent,GCST010010,mdd-lifetime-recurrent,PSY,DEP,GCST010010.txt,GRCh37,SNP,A1,A0,A1FREQ,,,STAT,,OR,SE,P,,,,,,59385.0,,,/home/maria/git/SOROLLA/SumStats/RAW/GCST010010.txt ,/gpfs/projects/bsc02/mflores/gencor/SumStats/RAW/GCST010010.txt,True,SumStats/Munged/GCST010010_mdd-lifetime-recurrent.sumstats.gz,/gpfs/projects/bsc02/mflores/gencor/SumStats/Munged/GCST010010_mdd-lifetime-recurrent.sumstats.gz,True,,
subtype,major depression disorder,trauma,GCST009980,mdd-trauma,PSY,DEP,GCST009980.tsv.gz,GRCh37,variant_id,effect_allele,other_allele,effect_allele_frequency,,,,beta,odds_ratio,standard_error,p_value,,24094.0,n_case,13393.0,n_control,10701.0,info,,/home/maria/git/SOROLLA/SumStats/RAW/GCST009980.tsv.gz,/gpfs/projects/bsc02/mflores/gencor/SumStats/RAW/GCST009980.tsv.gz,True,SumStats/Munged/GCST009980_mdd-trauma.sumstats.gz,/gpfs/projects/bsc02/mflores/gencor/SumStats/Munged/GCST009980_mdd-trauma.sumstats.gz,True,,
subtype,major depression disorder,no trauma,GCST009981,mdd-notrauma,PSY,DEP,GCST009981.tsv.gz,GRCh37,variant_id,effect_allele,other_allele,effect_allele_frequency,,,,beta,odds_ratio,standard_error,p_value,,49164.0,n_case,9487.0,n_control,39677.0,info,,/home/maria/git/SOROLLA/SumStats/RAW/GCST009981.tsv.gz,/gpfs/projects/bsc02/mflores/gencor/SumStats/RAW/GCST009981.tsv.gz,True,SumStats/Munged/GCST009981_mdd-notrauma.sumstats.gz,/gpfs/projects/bsc02/mflores/gencor/SumStats/Munged/GCST009981_mdd-notrauma.sumstats.gz,True,,
main,major depression disorder,,GCST005903,mdd-2,PSY,DEP,GCST005903.txt,,rsid,A1,A2,AlleleFreq,,,,Beta,,StandardError,P,N_col,217584.0,,8276.0,,209308.0,ImputationAccuracy,,/home/maria/git/SOROLLA/SumStats/RAW/GCST005903.txt,/gpfs/projects/bsc02/mflores/gencor/SumStats/RAW/GCST005903.txt,True,SumStats/Munged/GCST005903_mdd-2.sumstats.gz,/gpfs/projects/bsc02/mflores/gencor/SumStats/Munged/GCST005903_mdd-2.sumstats.gz,True,,
subtype,major depression disorder,"age, sex",GCST90275153,mdd-age-sex-M1,PSY,DEP,GCST90275153.tsv,GRCh37,rs_id,effect_allele,other_allele,effect_allele_frequency,,,z,beta,,standard_error,p_value,,63875.0,,27507.0,,36368.0,,,/home/maria/git/SOROLLA/SumStats/RAW/GCST90275153.tsv,/gpfs/projects/bsc02/mflores/gencor/SumStats/RAW/GCST90275153.tsv,True,SumStats/Munged/GCST90275153_mdd-age-sex-M1.sumstats.gz,/gpfs/projects/bsc02/mflores/gencor/SumStats/Munged/GCST90275153_mdd-age-sex-M1.sumstats.gz,True,,
subtype,major depression disorder,sex,GCST90275154,mdd-sex-M1,PSY,DEP,GCST90275154.tsv,GRCh37,rs_id,effect_allele,other_allele,effect_allele_frequency,,,z,beta,,standard_error,p_value,,63875.0,,27507.0,,36368.0,,,/home/maria/git/SOROLLA/SumStats/RAW/GCST90275154.tsv,/gpfs/projects/bsc02/mflores/gencor/SumStats/RAW/GCST90275154.tsv,True,SumStats/Munged/GCST90275154_mdd-sex-M1.sumstats.gz,/gpfs/projects/bsc02/mflores/gencor/SumStats/Munged/GCST90275154_mdd-sex-M1.sumstats.gz,True,,
minor,major depression disorder,,GCST90275155,mdd-5,PSY,DEP,GCST90275155.tsv,GRCh37,rs_id,effect_allele,other_allele,effect_allele_frequency,,,z,beta,,standard_error,p_value,,63875.0,,27507.0,,36368.0,,,/home/maria/git/SOROLLA/SumStats/RAW/GCST90275155.tsv,/gpfs/projects/bsc02/mflores/gencor/SumStats/RAW/GCST90275155.tsv,True,SumStats/Munged/GCST90275155_mdd-5.sumstats.gz,/gpfs/projects/bsc02/mflores/gencor/SumStats/Munged/GCST90275155_mdd-5.sumstats.gz,True,,
main,melanoma,,GCST90011809,melanoma-1,CAN,SKIN,GCST90011809.tsv.gz,GRCh37,variant_id,effect_allele,other_allele,,,,,,odds_ratio,,p_value,totN,417127.0,,6777.0,,410350.0,,n,/home/maria/git/SOROLLA/SumStats/RAW/GCST90011809.tsv.gz,/gpfs/projects/bsc02/mflores/gencor/SumStats/RAW/GCST90011809.tsv.gz,True,SumStats/Munged/GCST90011809_melanoma-1.sumstats.gz,/gpfs/projects/bsc02/mflores/gencor/SumStats/Munged/GCST90011809_melanoma-1.sumstats.gz,Error,,
main,migraine disorder,,GCST90129450,migraine-disorder-1,NEU,CNSD,GCST90129450.tsv.gz,,variant_id,effect_allele,other_allele,effect_allele_frequency,,,,beta,,standard_error,p_value,,211460.0,,21586.0,,189874.0,INFO,,/home/maria/git/SOROLLA/SumStats/RAW/GCST90129450.tsv.gz,/gpfs/projects/bsc02/mflores/gencor/SumStats/RAW/GCST90129450.tsv.gz,True,SumStats/Munged/GCST90129450_migraine-disorder-1.sumstats.gz,/gpfs/projects/bsc02/mflores/gencor/SumStats/Munged/GCST90129450_migraine-disorder-1.sumstats.gz,True,,
main,mood disorder,,GCST90435857,mood-disorder,PSY,ANX,GCST90435857.tsv.gz,,ID,ALT,REF,,,,,beta,,sebeta,pval,,378036.0,num_cases,12560.0,num_controls,365476.0,,,/home/maria/git/SOROLLA/SumStats/RAW/GCST90435857.tsv.gz,/gpfs/projects/bsc02/mflores/gencor/SumStats/RAW/GCST90435857.tsv.gz,True,SumStats/Munged/GCST90435857_mood-disorder.sumstats.gz,/gpfs/projects/bsc02/mflores/gencor/SumStats/Munged/GCST90435857_mood-disorder.sumstats.gz ,True,,
minor,multiple sclerosis,,GCST003566,multiple-sclerosis-1,NEU,SCLE,GCST003566.tsv.gz,,variant_id,effect_allele,other_allele,effect_allele_frequency,,,,beta,,standard_error,p_value,,15283.0,,4888.0,,10395.0,,,/home/maria/git/SOROLLA/SumStats/RAW/GCST003566.tsv.gz,/gpfs/projects/bsc02/mflores/gencor/SumStats/RAW/GCST003566.tsv.gz,True,SumStats/Munged/GCST003566_multiple-sclerosis-1.sumstats.gz,/gpfs/projects/bsc02/mflores/gencor/SumStats/Munged/GCST003566_multiple-sclerosis-1.sumstats.gz,True,,
main,multiple sclerosis,,GCST001198,multiple-sclerosis-2,NEU,SCLE,GCST001198.tsv.gz,,rsid,effect_allele,other_allele,,,,,beta,OR,se,p,,26621.0,,9772.0,,16849.0,,,/home/maria/git/SOROLLA/SumStats/RAW/GCST001198.tsv.gz,/gpfs/projects/bsc02/mflores/gencor/SumStats/RAW/GCST001198.tsv.gz,True,SumStats/Munged/GCST001198_multiple-sclerosis-2.sumstats.gz,/gpfs/projects/bsc02/mflores/gencor/SumStats/Munged/GCST001198_multiple-sclerosis-2.sumstats.gz,True,,
main,musculoskeletal system disease,,GCST90436787,musculoskeletal-disorder,NEU,CNSD,GCST90436787.tsv.gz,,ID,ALT,REF,,,,,beta,,sebeta,pval,,408961.0,num_cases,5493.0,num_controls,403468.0,,,/home/maria/git/SOROLLA/SumStats/RAW/GCST90436787.tsv.gz,/gpfs/projects/bsc02/mflores/gencor/SumStats/RAW/GCST90436787.tsv.gz,True,SumStats/Munged/GCST90436787_musculoskeletal-disorder.sumstats.gz,/gpfs/projects/bsc02/mflores/gencor/SumStats/Munged/GCST90436787_musculoskeletal-disorder.sumstats.gz,True,,
main,parkison's disease,,GCST012431,parkinsons-1,NEU,PD,GCST012431.tsv,,variant_id,ALT,REF,,,,Z_STAT,,odds_ratio,LOG(OR)_SE,p_value,,10533.0,,5167.0,,5366.0,,effect_allele,/home/maria/git/SOROLLA/SumStats/RAW/GCST012431.tsv,/gpfs/projects/bsc02/mflores/gencor/SumStats/RAW/GCST012431.tsv,True,SumStats/Munged/GCST012431_parkinsons-1.sumstats.gz,/gpfs/projects/bsc02/mflores/gencor/SumStats/Munged/GCST012431_parkinsons-1.sumstats.gz,True,,
main,peripheral nervous system disease,,GCST90435945,peripheral-cns-disorder,NEU,CNSD,GCST90435945.tsv.gz,,ID,ALT,REF,,,,,beta,,sebeta,pval,,406659.0,num_cases,12592.0,num_controls,394067.0,,,/home/maria/git/SOROLLA/SumStats/RAW/GCST90435945.tsv.gz,/gpfs/projects/bsc02/mflores/gencor/SumStats/RAW/GCST90435945.tsv.gz,True,SumStats/Munged/GCST90435945_peripheral-cns-disorder.sumstats.gz,/gpfs/projects/bsc02/mflores/gencor/SumStats/Munged/GCST90435945_peripheral-cns-disorder.sumstats.gz ,True,,
main,post-traumatic stress disorder,,GCST009315,PTSD-PGC-2019,PSY,PTSD,GCST009315.gz,,SNP,A1,A2,,FRQ_U_151447,FRQ_A_23212,,,OR,SE,P,,174659.0,Nca,23212.0,Nco,151447.0,INFO,,/home/maria/git/SOROLLA/SumStats/RAW/GCST009315.gz,/gpfs/projects/bsc02/mflores/gencor/SumStats/RAW/GCST009315.gz,True,SumStats/Munged/GCST009315_PTSD-PGC-2019.sumstats.gz,/gpfs/projects/bsc02/mflores/gencor/SumStats/Munged/GCST009315_PTSD-PGC-2019.sumstats.gz,Error,,
minor,prostate cancer,,GCST90043894,prostate-cancer-1,CAN,PCa,GCST90043894.tsv.gz,GRCh37,variant_id,effect_allele,other_allele,effect_allele_frequency,,,,beta,,standard_error,P_noSPA,N,208808.0,,7769.0,,201039.0,,,/home/maria/git/SOROLLA/SumStats/RAW/GCST90043894.tsv.gz,/gpfs/projects/bsc02/mflores/gencor/SumStats/RAW/GCST90043894.tsv.gz,True,SumStats/Munged/GCST90043894_prostate-cancer-1.sumstats.gz,/gpfs/projects/bsc02/mflores/gencor/SumStats/Munged/GCST90043894_prostate-cancer-1.sumstats.gz,True,,
subtype-family,prostate cancer,family history,GCST90042696,prostate-cancer-sibling,CAN,PCa,GCST90042696.tsv.gz,GRCh37,variant_id,effect_allele,other_allele,effect_allele_frequency,,,,beta,,standard_error,P_noSPA,N,356173.0,,5873.0,,350300.0,,,/home/maria/git/SOROLLA/SumStats/RAW/GCST90042696.tsv.gz,/gpfs/projects/bsc02/mflores/gencor/SumStats/RAW/GCST90042696.tsv.gz,True,SumStats/Munged/GCST90042696_prostate-cancer-sibling.sumstats.gz,/gpfs/projects/bsc02/mflores/gencor/SumStats/Munged/GCST90042696_prostate-cancer-sibling.sumstats.gz,True,,
subtype-family,prostate cancer,family history,GCST90042670,prostate-cancer-father,CAN,PCa,GCST90042670.tsv.gz,GRCh37,variant_id,effect_allele,other_allele,effect_allele_frequency,,,,beta,,standard_error,P_noSPA,N,394258.0,,30487.0,,363771.0,,,/home/maria/git/SOROLLA/SumStats/RAW/GCST90042670.tsv.gz,/gpfs/projects/bsc02/mflores/gencor/SumStats/RAW/GCST90042670.tsv.gz,True,SumStats/Munged/GCST90042670_prostate-cancer-father.sumstats.gz,/gpfs/projects/bsc02/mflores/gencor/SumStats/Munged/GCST90042670_prostate-cancer-father.sumstats.gz,True,,
main,prostate cancer,,GCST90011808,prostate-cancer-3,CAN,PCa,GCST90011808.tsv.gz,GRCh37,variant_id,effect_allele,other_allele,,,,,,odds_ratio,,p_value,totN,421142.0,,10792.0,,410350.0,,n,/home/maria/git/SOROLLA/SumStats/RAW/GCST90011808.tsv.gz,/gpfs/projects/bsc02/mflores/gencor/SumStats/RAW/GCST90011808.tsv.gz,True,SumStats/Munged/GCST90011808_prostate-cancer-3.sumstats.gz,/gpfs/projects/bsc02/mflores/gencor/SumStats/Munged/GCST90011808_prostate-cancer-3.sumstats.gz,Error,,
minor,prostate cancer,,GCST90041853,prostate-cancer-5,CAN,PCa,GCST90041853.tsv.gz,GRCh37,variant_id,effect_allele,other_allele,effect_allele_frequency,,,,beta,,standard_error,P_noSPA,N,208808.0,,5796.0,,203012.0,,,/home/maria/git/SOROLLA/SumStats/RAW/GCST90041853.tsv.gz,/gpfs/projects/bsc02/mflores/gencor/SumStats/RAW/GCST90041853.tsv.gz,True,SumStats/Munged/GCST90041853_prostate-cancer-5.sumstats.gz,/gpfs/projects/bsc02/mflores/gencor/SumStats/Munged/GCST90041853_prostate-cancer-5.sumstats.gz,True,,
minor,prostate cancer,,GCST90428117,prostate-cancer,CAN,PCa,GCST90428117.tsv.gz,,rs_id,effect_allele,other_allele,effect_allele_frequency,,,,beta,,standard_error,p_value,n,151994.0,,7822.0,,144172.0,,variant_id,/home/maria/git/SOROLLA/SumStats/RAW/GCST90428117.tsv.gz,/gpfs/projects/bsc02/mflores/gencor/SumStats/RAW/GCST90428117.tsv.gz,True,SumStats/Munged/GCST90428117_prostate-cancer.sumstats.gz,/gpfs/projects/bsc02/mflores/gencor/SumStats/Munged/GCST90428117_prostate-cancer.sumstats.gz,True,,
main,renal cancer,,GCST90320057,renal-carcinoma,CAN,CAN,GCST90320057.tsv.gz,,rsid,effect_allele,other_allele,effect_allele_frequency,,,,beta,,standard_error,p_value,,769475.0,n_cases,25890.0,n_samples,743585.0,,variant_id,/home/maria/git/SOROLLA/SumStats/RAW/GCST90320057.tsv.gz,/gpfs/projects/bsc02/mflores/gencor/SumStats/RAW/GCST90320057.tsv.gz,True,SumStats/Munged/GCST90320057_renal-carcinoma.sumstats.gz,/gpfs/projects/bsc02/mflores/gencor/SumStats/Munged/GCST90320057_renal-carcinoma.sumstats.gz,True,,
subtype,schizophrenia,"age, sex",GCST90275156,schizo-age-sex-M1,PSY,SCZ,GCST90275156.tsv,GRCh37,rs_id,effect_allele,other_allele,effect_allele_frequency,,,z,beta,,standard_error,p_value,,48523.0,,11602.0,,36921.0,,,/home/maria/git/SOROLLA/SumStats/RAW/GCST90275156.tsv,/gpfs/projects/bsc02/mflores/gencor/SumStats/RAW/GCST90275156.tsv,True,SumStats/Munged/GCST90275156_schizo-age-sex-M1.sumstats.gz,/gpfs/projects/bsc02/mflores/gencor/SumStats/Munged/GCST90275156_schizo-age-sex-M1.sumstats.gz,True,,
subtype,schizophrenia,sex,GCST90275157,schizo-sex-M1,PSY,SCZ,GCST90275157.tsv,GRCh37,rs_id,effect_allele,other_allele,effect_allele_frequency,,,z,beta,,standard_error,p_value,,48523.0,,11602.0,,36921.0,,,/home/maria/git/SOROLLA/SumStats/RAW/GCST90275157.tsv,/gpfs/projects/bsc02/mflores/gencor/SumStats/RAW/GCST90275157.tsv,True,SumStats/Munged/GCST90275157_schizo-sex-M1.sumstats.gz,/gpfs/projects/bsc02/mflores/gencor/SumStats/Munged/GCST90275157_schizo-sex-M1.sumstats.gz,True,,
minor,schizophrenia,,GCST90275158,schizophrenia-M1,PSY,SCZ,GCST90275158.tsv,GRCh37,rs_id,effect_allele,other_allele,effect_allele_frequency,,,z,beta,,standard_error,p_value,,48523.0,,11602.0,,36921.0,,,/home/maria/git/SOROLLA/SumStats/RAW/GCST90275158.tsv,/gpfs/projects/bsc02/mflores/gencor/SumStats/RAW/GCST90275158.tsv,True,SumStats/Munged/GCST90275158_schizophrenia-M1.sumstats.gz,/gpfs/projects/bsc02/mflores/gencor/SumStats/Munged/GCST90275158_schizophrenia-M1.sumstats.gz,True,,
main,schizophrenia,,GCST90128471-all,SCZ-PGC-2022-all,PSY,SCZ,GCST90128471-all.tsv,,ID,A1,A2,,FCAS,FCON,,BETA,,SE,PVAL,,130644.0,NCAS,53386.0,NCON,77258.0,IMPINFO,,/home/maria/git/SOROLLA/SumStats/RAW/GCST90128471-all.tsv,/gpfs/projects/bsc02/mflores/gencor/SumStats/RAW/GCST90128471-all.gz,True,SumStats/Munged/GCST90128471-all_SCZ-PGC-2022-all.sumstats.gz,/gpfs/projects/bsc02/mflores/gencor/SumStats/Munged/GCST90128471-all_SCZ-PGC-2022-all.sumstats.gz,True,,
minor,schizophrenia,males,GCST90128471-male,SCZ-PGC-2022-males,PSY,SCZ,GCST90128471-male.tsv,,SNP,A1,A2,,FRQ_U_35190,FRQ_A_33097,,,OR,SE,P,,68287.0,Nca,33097.0,Nco,35190.0,INFO,,/home/maria/git/SOROLLA/SumStats/RAW/GCST90128471-male.gz,/gpfs/projects/bsc02/mflores/gencor/SumStats/RAW/GCST90128471-male.gz,True,SumStats/Munged/GCST90128471-male_SCZ-PGC-2022-males.sumstats.gz,/gpfs/projects/bsc02/mflores/gencor/SumStats/Munged/GCST90128471-male_SCZ-PGC-2022-males.sumstats.gz,Error,,
minor,schizophrenia,females,GCST90128471-females,SCZ-PGC-2022-females,PSY,SCZ,GCST90128471-females.tsv,,SNP,A1,A2,,FRQ_U_36903,FRQ_A_17760,,,OR,SE,P,,54663.0,Nca,17760.0,Nco,36903.0,INFO,,/home/maria/git/SOROLLA/SumStats/RAW/GCST90128471-females.gz,/gpfs/projects/bsc02/mflores/gencor/SumStats/RAW/GCST90128471-females.gz,True,SumStats/Munged/GCST90128471-females_SCZ-PGC-2022-females.sumstats.gz,/gpfs/projects/bsc02/mflores/gencor/SumStats/Munged/GCST90128471-females_SCZ-PGC-2022-females.sumstats.gz,Error,,
minor,schizophrenia,,GCST009337,SCZ-PGC-2019,PSY,SCZ,GCST009337.gz,,SNP,A1,A2,,FRQ_U_43456,FRQ_A_33640,,,OR,SE,P,,77096.0,Nca,33640.0,Nco,43456.0,,,/home/maria/git/SOROLLA/SumStats/RAW/GCST009337.gz,/gpfs/projects/bsc02/mflores/gencor/SumStats/RAW/GCST009337.gz,True,SumStats/Munged/GCST009337_SCZ-PGC-2019.sumstats.gz,/gpfs/projects/bsc02/mflores/gencor/SumStats/Munged/GCST009337_SCZ-PGC-2019.sumstats.gz,Error,,
minor,schizophrenia,,GCST006803,SCZ-PGC-2018,PSY,SCZ,GCST006803.gz,,SNP,A1,A2,,,,,,OR,SE,P,,35802.0,,11260.0,,24542.0,,,/home/maria/git/SOROLLA/SumStats/RAW/GCST006803.gz,/gpfs/projects/bsc02/mflores/gencor/SumStats/RAW/GCST006803.gz,True,SumStats/Munged/GCST006803_SCZ-PGC-2018.sumstats.gz,/gpfs/projects/bsc02/mflores/gencor/SumStats/Munged/GCST006803_SCZ-PGC-2018.sumstats.gz,Error,,
subtype,skin cancer,basal cell,GCST90013410,bcc-1,CAN,SKIN,GCST90013410.tsv,GRCh37,variant_id,effect_allele,other_allele,effect_allele_frequency,,,,beta,,standard_error,p_value,N,392871.0,,17416.0,,375455.0,,,/home/maria/git/SOROLLA/SumStats/RAW/GCST90013410.tsv,/gpfs/projects/bsc02/mflores/gencor/SumStats/RAW/GCST90013410.tsv,True,SumStats/Munged/GCST90013410_bcc-1.sumstats.gz,/gpfs/projects/bsc02/mflores/gencor/SumStats/Munged/GCST90013410_bcc-1.sumstats.gz,True,,
subtype,skin cancer,basal cell,GCST90137411,bcc-2,CAN,SKIN,GCST90137411.tsv.gz,GRCh37,variant_id,effect_allele,other_allele,effect_allele_frequency,,,,beta,odds_ratio,standard_error,p_value,,307684.0,,20791.0,,286893.0,,,/home/maria/git/SOROLLA/SumStats/RAW/GCST90137411.tsv.gz,/gpfs/projects/bsc02/mflores/gencor/SumStats/RAW/GCST90137411.tsv.gz,True,SumStats/Munged/GCST90137411_bcc-2.sumstats.gz,/gpfs/projects/bsc02/mflores/gencor/SumStats/Munged/GCST90137411_bcc-2.sumstats.gz,True,,
subtype,skin cancer,,GCST90043874,skin-carcinoma-face,CAN,SKIN,GCST90043874.tsv.gz,GRCh37,variant_id,effect_allele,other_allele,effect_allele_frequency,,,,beta,,standard_error,P_noSPA,N,456348.0,,6046.0,,450302.0,,,/home/maria/git/SOROLLA/SumStats/RAW/GCST90043874.tsv.gz,/gpfs/projects/bsc02/mflores/gencor/SumStats/RAW/GCST90043874.tsv.gz,True,SumStats/Munged/GCST90043874_skin-carcinoma-face.sumstats.gz,/gpfs/projects/bsc02/mflores/gencor/SumStats/Munged/GCST90043874_skin-carcinoma-face.sumstats.gz,True,,
main,skin cancer,,GCST90041830,non-epithelial-carcinoma,CAN,SKIN,GCST90041830.tsv.gz,GRCh37,variant_id,effect_allele,other_allele,effect_allele_frequency,,,,beta,,standard_error,P_noSPA,N,456348.0,,11964.0,,444384.0,,,/home/maria/git/SOROLLA/SumStats/RAW/GCST90041830.tsv.gz,/gpfs/projects/bsc02/mflores/gencor/SumStats/RAW/GCST90041830.tsv.gz,True,SumStats/Munged/GCST90041830_non-epithelial-carcinoma.sumstats.gz,/gpfs/projects/bsc02/mflores/gencor/SumStats/Munged/GCST90041830_non-epithelial-carcinoma.sumstats.gz,True,,
subtype,skin cancer,squamous cell,GCST90137412,squamous-carcinoma,CAN,SKIN,GCST90137412.tsv.gz,GRCh37,variant_id,effect_allele,other_allele,effect_allele_frequency,,,,beta,,standard_error,p_value,,294294.0,,7402.0,,286892.0,,,/home/maria/git/SOROLLA/SumStats/RAW/GCST90137412.tsv.gz,/gpfs/projects/bsc02/mflores/gencor/SumStats/RAW/GCST90137412.tsv.gz,True,SumStats/Munged/GCST90137412_squamous-carcinoma.sumstats.gz,/gpfs/projects/bsc02/mflores/gencor/SumStats/Munged/GCST90137412_squamous-carcinoma.sumstats.gz,True,,
minor,skin cancer,,GCST90435594,skin-cancer,CAN,SKIN,GCST90435594.tsv.gz,,ID,ALT,REF,,,,,beta,,sebeta,pval,,408823.0,num_cases,13752.0,num_controls,395071.0,,,/home/maria/git/SOROLLA/SumStats/RAW/GCST90435594.tsv.gz,/gpfs/projects/bsc02/mflores/gencor/SumStats/RAW/GCST90435594.tsv.gz,True,SumStats/Munged/GCST90435594_skin-cancer.sumstats.gz,/gpfs/projects/bsc02/mflores/gencor/SumStats/Munged/GCST90435594_skin-cancer.sumstats.gz ,True,,
minor,skin cancer,,GCST90435597,skin-neoplasm,CAN,SKIN,GCST90435597.tsv.gz,,ID,ALT,REF,,,,,beta,,sebeta,pval,,406220.0,num_cases,11149.0,num_controls,395071.0,,,/home/maria/git/SOROLLA/SumStats/RAW/GCST90435597.tsv.gz,/gpfs/projects/bsc02/mflores/gencor/SumStats/RAW/GCST90435597.tsv.gz,True,SumStats/Munged/GCST90435597_skin-neoplasm.sumstats.gz,/gpfs/projects/bsc02/mflores/gencor/SumStats/Munged/GCST90435597_skin-neoplasm.sumstats.gz ,True,,
minor,skin cancer,benign,GCST90435663,skin-benign-neoplasm,CAN,SKIN,GCST90435663.tsv.gz,,ID,ALT,REF,,,,,beta,,sebeta,pval,,408340.0,num_cases,7722.0,num_controls,400618.0,,,/home/maria/git/SOROLLA/SumStats/RAW/GCST90435663.tsv.gz,/gpfs/projects/bsc02/mflores/gencor/SumStats/RAW/GCST90435663.tsv.gz,True,SumStats/Munged/GCST90435663_skin-benign-neoplasm.sumstats.gz,/gpfs/projects/bsc02/mflores/gencor/SumStats/Munged/GCST90435663_skin-benign-neoplasm.sumstats.gz ,True,,
main,thyroid cancer,,GCST90399736,thyroid-cancer,CAN,CAN,GCST90399736.tsv.gz,,rs_id,effect_allele,other_allele,effect_allele_frequency,,,,beta,,standard_error,p_value,,1339769.0,N_case,6015.0,N_ctrl,1333754.0,,,/home/maria/git/SOROLLA/SumStats/RAW/GCST90399736.tsv.gz,/gpfs/projects/bsc02/mflores/gencor/SumStats/RAW/GCST90399736.tsv.gz,True,SumStats/Munged/GCST90399736_thyroid-cancer.sumstats.gz,/gpfs/projects/bsc02/mflores/gencor/SumStats/Munged/GCST90399736_thyroid-cancer.sumstats.gz,True,,
main,tourette syndrome,,GCST007277,TS-PGC-2019,NEU,TS,GCST007277.gz,,SNP,A1,A2,,,,,,OR,SE,P,,14307.0,,4819.0,,9488.0,INFO,,/home/maria/git/SOROLLA/SumStats/RAW/GCST007277.gz,/gpfs/projects/bsc02/mflores/gencor/SumStats/RAW/GCST007277.gz,True,SumStats/Munged/GCST007277_TS-PGC-2019.sumstats.gz,/gpfs/projects/bsc02/mflores/gencor/SumStats/Munged/GCST007277_TS-PGC-2019.sumstats.gz,Error,,
main,uterus cancer,,GCST90435666,uterine-benign-neoplasm,CAN,UTE,GCST90435666.tsv.gz,,ID,ALT,REF,,,,,beta,,sebeta,pval,,402263.0,num_cases,10610.0,num_controls,391653.0,,,/home/maria/git/SOROLLA/SumStats/RAW/GCST90435666.tsv.gz,/gpfs/projects/bsc02/mflores/gencor/SumStats/RAW/GCST90435666.tsv.gz,True,SumStats/Munged/GCST90435666_uterine-benign-neoplasm.sumstats.gz,/gpfs/projects/bsc02/mflores/gencor/SumStats/Munged/GCST90435666_uterine-benign-neoplasm.sumstats.gz ,True,,
minor,uterus cancer,benign,GCST90435667,uterine-leiomyoma,CAN,UTE,GCST90435667.tsv.gz,,ID,ALT,REF,,,,,beta,,sebeta,pval,,401998.0,num_cases,10345.0,num_controls,391653.0,,,/home/maria/git/SOROLLA/SumStats/RAW/GCST90435667.tsv.gz,/gpfs/projects/bsc02/mflores/gencor/SumStats/RAW/GCST90435667.tsv.gz,True,SumStats/Munged/GCST90435667_uterine-leiomyoma.sumstats.gz,/gpfs/projects/bsc02/mflores/gencor/SumStats/Munged/GCST90435667_uterine-leiomyoma.sumstats.gz ,True,,
minor,uterus cancer,benign,GCST009158,uterine-fibroid-1,CAN,UTE,GCST009158.stats.gz,,SNP,ALLELE0,ALLELE1,,,,,,,STDERR,P,N,302979.0,,20406.0,,223918.0,,,/home/maria/git/SOROLLA/SumStats/RAW/GCST009158.stats.gz,/gpfs/projects/bsc02/mflores/gencor/SumStats/RAW/GCST009158.stats.gz,True,SumStats/Munged/GCST009158_uterine-fibroid-1.sumstats.gz,/gpfs/projects/bsc02/mflores/gencor/SumStats/Munged/GCST009158_uterine-fibroid-1.sumstats.gz,Error,,
minor,uterus cancer,benign,GCST90042872,uterine-fibroid-leiomyoma,CAN,UTE,GCST90042872.tsv.gz,,variant_id,effect_allele,other_allele,effect_allele_frequency,,,,beta,,standard_error,p_value,N,247540.0,,7187.0,,240353.0,,,/home/maria/git/SOROLLA/SumStats/RAW/GCST90042872.tsv.gz,/gpfs/projects/bsc02/mflores/gencor/SumStats/RAW/GCST90042872.tsv.gz,True,SumStats/Munged/GCST90042872_uterine-fibroid-leiomyoma.sumstats.gz,/gpfs/projects/bsc02/mflores/gencor/SumStats/Munged/GCST90042872_uterine-fibroid-leiomyoma.sumstats.gz,True,,
main,uterus cancer,benign,GCST90239856,uterine-leiomyoma-2,CAN,UTE,GCST90239856.tsv.gz,,variant_id,effect_allele,other_allele,,,,,beta,,standard_error,p_value,,367903.0,,38466.0,,329437.0,,,/home/maria/git/SOROLLA/SumStats/RAW/GCST90239856.tsv.gz,/gpfs/projects/bsc02/mflores/gencor/SumStats/RAW/GCST90239856.tsv.gz,True,SumStats/Munged/GCST90239856_uterine-leiomyoma-2.sumstats.gz,/gpfs/projects/bsc02/mflores/gencor/SumStats/Munged/GCST90239856_uterine-leiomyoma-2.sumstats.gz,True,,
main,uterus polyps,,GCST90436510,uterine-polyp-1,CAN,UTE,GCST90436510.tsv.gz,,ID,ALT,REF,,,,,beta,,sebeta,pval,,404294.0,num_cases,7910.0,num_controls,396384.0,,,/home/maria/git/SOROLLA/SumStats/RAW/GCST90436510.tsv.gz,/gpfs/projects/bsc02/mflores/gencor/SumStats/RAW/GCST90436510.tsv.gz,True,SumStats/Munged/GCST90436510_uterine-polyp-1.sumstats.gz,/gpfs/projects/bsc02/mflores/gencor/SumStats/Munged/GCST90436510_uterine-polyp-1.sumstats.gz ,True,,
minor,uterus polyps,,GCST90044453,uterine-polyp-2,CAN,UTE,GCST90044453.tsv.gz,,variant_id,effect_allele,other_allele,effect_allele_frequency,,,,beta,,standard_error,p_value,N,247540.0,,6552.0,,240988.0,,,/home/maria/git/SOROLLA/SumStats/RAW/GCST90044453.tsv.gz,/gpfs/projects/bsc02/mflores/gencor/SumStats/RAW/GCST90044453.tsv.gz,True,SumStats/Munged/GCST90044453_uterine-polyp-2.sumstats.gz,/gpfs/projects/bsc02/mflores/gencor/SumStats/Munged/GCST90044453_uterine-polyp-2.sumstats.gz,True,,
